chr	pos	strand	gene
1	859696	-	
1	1611947	+	
1	2241049	+	
1	2332947	-	
1	16652940	+	
1	16685903	-	
1	35144193	-	
1	201091858	+	
1	186290712	+	
1	123025973	+	
1	169138536	+	
2	163145708	-	
2	163189590	-	
2	163192338	-	
3	5584784	+	
3	5709886	+	
3	5721165	+	
1	186445883	+	
1	20523298	-	
1	20487010	-	
1	20590204	-	
1	2553781	+	
1	4162725	+	
1	47081293	-	
1	4329569	+	
1	76703920	-	
1	76703900	-	
1	76703936	-	
1	4773425	-	
1	4899460	+	
1	4995173	-	
1	5011592	-	
1	5019551	+	
1	5020615	+	
1	5027849	+	
1	5027920	+	
1	5033691	+	
1	5046665	+	
1	5131168	+	
1	5174553	+	
1	5202550	-	
2	89900858	-	
2	89913503	+	
2	170326037	-	
2	90060007	+	
2	90083384	-	
1	39665652	+	
1	39666143	+	
1	201562712	+	
1	201575497	+	
1	97652034	-	
1	97655649	+	
1	204604980	-	
1	204605743	-	
1	97869462	+	
1	70323226	+	
1	192240379	+	
1	192240924	+	
1	39992767	+	
2	131955826	-	
1	130796699	+	
1	98401332	-	
1	192307146	+	
1	192307200	+	
2	132946313	+	
1	98689508	-	
1	40267063	+	
2	133403387	-	
2	146578711	-	
1	131181208	-	
1	112796060	+	
1	71448403	-	
1	71353665	-	
1	71448408	-	
1	7666832	-	
1	7666744	-	
1	7666714	-	
1	7666706	-	
2	135277135	+	
1	202631658	-	
2	135319660	+	
2	39186537	-	
2	135606047	-	
2	135606035	-	
1	103006289	+	
1	103136117	-	
1	103135752	-	
1	103157956	+	
2	39720280	-	
2	39677929	-	
2	39935181	+	
2	40083851	-	
1	189411045	+	
1	66137155	-	
1	66216521	-	
2	135800387	-	
1	199471014	+	
1	199471082	+	
1	66803925	+	
1	186816109	-	
1	66921851	+	
1	103212881	+	
1	10192047	-	
1	10341688	-	
1	10472877	-	
1	10453896	-	
2	34468221	+	
1	10843995	-	
1	10834817	-	
1	10833754	-	
2	34551312	-	
1	77411578	+	
1	77411623	+	
1	11114361	-	
1	11000665	-	
1	77472130	+	
1	77474785	+	
1	192612228	-	
1	104843555	+	
2	101320469	-	
1	21573556	-	
1	85684002	-	
1	85684048	-	
1	192712561	+	
1	169934208	-	
1	105156263	-	
2	101568998	+	
1	74818414	-	
1	74904784	-	
1	74835399	-	
1	101098652	+	
1	74929824	-	
1	200182173	+	
1	190031728	-	
1	190035167	+	
1	190046071	+	
2	91756247	+	
2	91767268	-	
1	12082284	-	
2	91827358	-	
2	91829700	+	
1	190361408	-	
1	75660673	+	
1	187343968	+	
1	106011288	-	
1	106036760	-	
1	106078435	-	
2	53999066	+	
2	86825690	+	
2	86875013	+	
2	86961095	+	
2	86972645	+	
2	86989318	+	
2	86974920	-	
2	87036182	+	
1	187809734	-	
2	87356149	+	
1	23020641	-	
1	67763718	-	
2	87728317	+	
1	67801521	+	
2	87859269	+	
2	87890319	-	
2	87889737	-	
2	87891096	-	
1	101508030	-	
2	162026669	+	
2	162027861	+	
1	41929080	-	
1	86019390	-	
1	101670677	-	
2	162172974	-	
1	86058334	+	
1	86077913	-	
1	101784312	-	
1	23889823	+	
1	23918063	-	
1	101845876	-	
1	101845897	+	
1	12433140	-	
1	102070875	-	
1	184955426	+	
1	68880593	+	
1	188194959	-	
1	200804277	+	
1	200838530	+	
1	69040995	+	
2	171379575	-	
2	102103147	+	
2	171731343	-	
1	114153967	+	
1	114155954	+	
1	200916874	+	
1	215061621	-	
1	215061509	-	
2	54880531	-	
2	54880390	-	
2	173142969	-	
2	54921160	-	
2	55933964	-	
2	55659609	-	
1	191240865	+	
2	55872865	+	
1	215343442	+	
1	114252619	-	
2	56215212	-	
1	114291100	-	
2	147826757	-	
1	133310264	-	
1	133446310	+	
1	133448003	-	
2	41322617	+	
2	174144587	-	
1	24527432	-	
2	102477460	+	
2	102603994	-	
2	102602137	-	
1	170981733	+	
2	56723608	+	
1	171070603	+	
2	57204912	-	
1	201087575	-	
1	42924330	+	
2	36249514	+	
1	153946545	-	
1	107444197	+	
1	104449822	+	
1	104456219	-	
1	43431869	+	
2	36521612	+	
2	42914315	+	
2	42916363	+	
2	174538796	+	
2	43078382	-	
2	57776230	-	
2	102820603	-	
2	36660099	+	
2	78405161	-	
2	78385358	-	
2	78405841	+	
1	107804359	+	
1	212566316	-	
1	114617907	+	
1	78831556	+	
1	78860200	+	
1	79481596	-	
1	79514451	+	
2	36867349	-	
2	23916331	-	
2	23961635	-	
2	36965269	-	
2	148969796	-	
2	23920192	+	
2	23928107	+	
2	23929177	+	
2	148969225	+	
2	23999963	+	
2	149048590	-	
2	149047077	-	
1	139626428	+	
1	181185928	+	
1	44400806	+	
2	149389935	-	
2	149431945	+	
1	155309432	-	
1	155354018	-	
1	155493584	-	
2	37826505	-	
1	155672257	-	
1	155668603	-	
2	37926426	-	
2	37976234	-	
1	139955755	+	
1	139970212	+	
1	216399415	-	
2	25815583	+	
2	165375262	-	
2	165470187	+	
1	156183192	-	
1	156168276	-	
1	115563931	-	
1	109135339	-	
1	193837420	-	
2	166445823	-	
1	140407856	-	
1	156408477	+	
1	115057493	-	
1	115057454	-	
1	194171513	+	
1	194373465	-	
1	140779212	+	
1	140820810	-	
3	7668827	+	
3	7671178	+	
1	194707854	+	
1	156889913	+	
1	156925089	+	
3	7774166	+	
3	737657	-	
3	768274	-	
1	142166280	-	
1	194817606	+	
3	769094	+	
1	213000720	+	
1	194828659	+	
1	213003598	+	
1	142348795	-	
1	213022207	-	
1	213017101	-	
1	142360320	+	
3	7881496	-	
1	14068203	+	
1	35298064	+	
1	35332880	-	
3	87902798	-	
3	87903217	-	
1	116046176	+	
3	87918724	-	
3	800199	+	
3	8641383	+	
4	5906212	-	
3	102615888	+	
3	167381165	-	
3	167390906	+	
3	88017076	+	
4	92028797	+	
3	163281725	+	
3	167395067	+	
3	163292087	+	
4	2982309	+	
4	6602513	-	
4	2989527	-	
4	6585485	+	
3	88170455	+	
3	88174369	+	
4	3113479	+	
2	168109428	+	
4	80993467	+	
5	17463134	+	
1	35763735	+	
1	35766443	+	
1	35767007	+	
3	9233673	+	
5	18287027	+	
5	18460367	+	
4	81573745	-	
5	37597816	-	
5	18575033	+	
5	37612568	+	
5	18962114	+	
3	88632747	-	
4	6755004	-	
4	6746919	-	
4	82244215	-	
4	82240341	-	
4	6870209	-	
4	82550734	-	
4	82540536	-	
4	6815600	-	
1	143119069	+	
5	87940503	-	
5	140731265	-	
1	15159007	-	
1	15159016	+	
5	60141338	-	
3	1111345	+	
2	110242078	+	
2	110249501	+	
5	60162175	+	
3	9401384	+	
2	110277209	-	
3	1137565	+	
1	93074849	+	
2	110282903	+	
1	93083339	+	
3	1197449	-	
3	1206675	-	
1	15455054	-	
5	146816419	+	
1	182221867	-	
2	168279647	+	
2	136327974	-	
1	194855576	-	
1	203261542	+	
1	195084442	+	
1	117810947	-	
1	117965328	+	
1	195310795	-	
1	118111058	+	
1	36484466	-	
1	118432005	-	
1	120010008	-	
1	120051361	-	
2	137165425	+	
2	137166657	+	
2	137269694	+	
1	93527033	+	
1	93671030	+	
3	89274935	+	
1	182500606	+	
3	89304008	+	
1	182517452	-	
3	89522542	+	
1	182659216	-	
1	134221168	+	
3	89599285	+	
3	89831755	+	
2	82481543	-	
3	89959847	-	
2	155697860	+	
2	155700072	+	
1	16118229	-	
1	123472119	-	
1	16229894	-	
1	16195009	+	
1	16274992	+	
2	82870042	+	
2	82884242	+	
2	83016732	-	
3	90160383	-	
1	120794801	+	
2	83080076	-	
2	83085804	-	
2	83067113	-	
1	120990635	+	
2	83512221	-	
2	83512193	-	
2	83512248	-	
2	155910424	-	
1	221589243	+	
1	221618871	-	
2	84078756	-	
1	221719635	+	
3	1377971	+	
2	156183306	-	
3	65822760	-	
1	47770179	+	
1	47770953	+	
1	48520014	-	
1	48624314	+	
1	49181629	+	
1	49359118	-	
5	19219421	-	
1	16697875	-	
1	122427884	-	
1	122766326	-	
1	122760817	-	
2	175518155	-	
5	184314085	+	
5	184314980	+	
5	184328326	+	
5	184388206	-	
5	184486419	+	
5	184588399	+	
5	184612102	+	
5	184612559	+	
5	184654858	+	
5	184756192	-	
1	135459905	-	
1	17655473	-	
4	3230567	-	
4	3227370	-	
1	172319386	-	
2	168945722	-	
2	168945798	+	
1	221965870	+	
1	221970690	+	
3	48854550	-	
3	48864933	-	
3	48870553	+	
2	89695641	+	
5	3767819	-	
5	3775799	+	
5	3919723	-	
3	66359696	+	
3	66359826	+	
3	66360016	+	
1	136282342	-	
1	136262820	+	
1	136429536	-	
4	109320087	+	
4	34924031	+	
1	136895180	-	
1	136895314	-	
1	137002318	-	
1	137006118	-	
1	137062220	-	
1	137012820	-	
1	222207190	+	
1	222207315	+	
1	137088721	-	
4	109673798	+	
4	110229214	+	
4	14152623	+	
4	14152745	+	
4	14165335	+	
2	48514018	-	
2	176568819	+	
2	176586491	+	
2	176604320	+	
2	176630629	+	
2	176738332	+	
4	158367117	-	
3	103020542	+	
2	126180979	+	
4	82962024	-	
5	152669826	-	
4	118065986	-	
5	152636186	+	
5	152791057	-	
5	152790542	-	
4	27224202	+	
4	27225923	+	
4	118213874	-	
5	152763202	+	
5	152767515	+	
5	152807601	-	
5	152807297	-	
5	185066577	+	
1	59550938	-	
5	185147854	-	
2	157695574	-	
4	46687200	+	
4	46825824	-	
4	46822642	-	
4	119430295	+	
1	59602653	+	
1	38292902	-	
4	119692695	-	
1	19008050	-	
3	103849208	+	
3	103861899	+	
2	5930290	+	
2	5938468	+	
3	103955632	+	
1	162860237	+	
2	5967500	+	
1	38508981	+	
1	162922456	+	
4	158968904	-	
2	85522142	-	
2	85486799	-	
1	163445390	+	
1	163445490	+	
4	119846723	+	
3	53290712	+	
3	76838724	+	
4	4718454	-	
4	4739109	+	
4	4739379	+	
4	4739498	+	
2	49554165	+	
2	49554271	+	
2	49692317	+	
2	50086593	+	
1	94503154	-	
2	50233388	+	
2	50325399	-	
2	50258412	-	
3	104318988	+	
3	104392621	+	
3	105044230	+	
4	28902854	-	
4	28894987	+	
2	6980600	-	
1	30711978	-	
1	30766989	-	
1	30766974	-	
2	7011106	-	
1	30760126	+	
2	51059182	+	
4	120633496	+	
3	180911087	-	
5	141670587	+	
4	39945939	-	
1	39341105	+	
1	39358439	+	
3	170057342	-	
3	170170943	+	
3	170211602	+	
1	31011263	+	
4	48065548	+	
4	5432759	-	
3	10056855	+	
3	10085411	+	
3	77672102	-	
1	165130104	+	
1	165130205	+	
3	128448453	-	
4	5473741	+	
4	5475785	+	
1	165283054	-	
5	60803280	+	
1	165350525	+	
4	5816505	-	
1	165410969	-	
4	35626398	+	
5	60995798	-	
4	35684292	+	
4	35830610	-	
4	35833345	-	
1	19748190	+	
3	170344167	+	
4	160528492	+	
1	19814016	+	
1	19814496	+	
1	19814504	+	
1	19814615	+	
1	19893170	+	
1	31167483	-	
2	11522638	+	
2	11840137	-	
4	161618374	-	
5	119251919	+	
5	119272546	+	
4	161848935	-	
4	161794088	-	
5	181590405	+	
5	181610734	+	
4	161921151	-	
3	14639085	+	
3	14688618	-	
2	12228149	+	
2	12228246	+	
2	12300177	+	
2	12837477	-	
5	21974137	+	
3	54344917	-	
2	13412684	-	
5	61561986	-	
5	22087159	-	
3	54419106	-	
5	22592056	-	
1	25971725	+	
3	171265545	+	
3	171288723	+	
3	171344530	+	
3	171483854	+	
1	26271947	+	
3	171727926	+	
3	171740871	+	
3	172102078	+	
3	108175188	-	
4	36312595	-	
4	36319190	-	
4	29707597	+	
4	29707741	+	
1	222797797	-	
3	156063494	+	
3	111836098	-	
3	111878536	+	
3	111885224	+	
3	111935882	+	
3	111942886	+	
3	112026444	-	
4	163029597	+	
1	60021549	+	
4	163037581	+	
4	162398428	+	
4	163112205	+	
4	162438647	-	
4	162402288	-	
4	163134054	+	
4	15509939	+	
4	15549146	+	
4	30266095	+	
4	30274233	+	
4	30277746	+	
4	163265421	-	
4	163249543	-	
4	163264131	-	
4	30619126	-	
4	163265233	+	
4	163265780	+	
4	30762283	+	
2	13924510	+	
1	31422643	-	
4	163337916	-	
4	163353397	-	
4	163395876	-	
3	112401247	-	
3	112433755	+	
2	9837127	+	
2	9855508	+	
2	9867251	-	
2	9910655	+	
2	9929790	+	
2	10077861	-	
2	9999750	-	
4	36799744	-	
4	21362382	-	
1	223002764	-	
4	37345452	-	
4	37333191	-	
5	4123221	+	
4	164216699	-	
3	15460956	+	
5	167163196	-	
1	89486588	-	
1	89502444	-	
5	167180098	+	
1	89514214	-	
5	167245703	-	
3	15618774	-	
5	1210322	+	
2	51796536	-	
4	40685303	+	
2	119359985	+	
2	104236607	+	
2	10688315	+	
3	112966446	-	
5	143336773	+	
5	143336824	+	
4	41280312	+	
4	41281116	+	
4	41287826	+	
4	41395532	-	
4	71517	-	
4	56236	-	
2	94278067	+	
1	168175718	-	
1	168145707	-	
1	174174930	+	
1	174175265	+	
2	179252807	+	
3	43253193	-	
2	179520918	+	
2	94450777	-	
2	119891189	-	
2	10893540	+	
3	79148598	+	
2	119919344	-	
2	119915951	-	
2	119923725	-	
5	143690745	+	
2	10986932	-	
4	165435583	+	
4	38081096	+	
4	38086974	+	
2	10985610	+	
5	1426396	+	
2	52286125	+	
4	38133045	-	
2	52390695	-	
5	1467096	+	
5	1537880	+	
1	33142842	-	
2	98310037	+	
5	182038489	+	
5	77815041	+	
3	110489772	+	
3	110497583	+	
3	110497861	+	
2	182100133	+	
4	360449	+	
4	360816	+	
4	362456	+	
4	378522	+	
4	166100003	+	
4	593520	+	
4	596473	-	
4	753422	-	
5	1834014	-	
4	823321	-	
1	209669526	+	
2	120221730	-	
5	154309514	-	
5	154273096	-	
4	32130962	+	
1	60477387	+	
4	32316424	-	
4	166502722	-	
4	166573574	-	
2	183720877	-	
4	123657466	-	
4	123698591	-	
1	27522679	+	
1	27523311	+	
1	27535573	+	
1	27843640	-	
2	184619892	-	
5	12878651	+	
5	12879718	+	
2	126907974	-	
2	15473885	+	
2	15473907	+	
3	167904847	+	
5	13096266	+	
2	121320254	+	
3	167945042	-	
5	13696390	-	
5	119606361	-	
2	94634496	+	
1	50062506	+	
2	94679541	+	
2	185364892	-	
2	185370470	-	
2	15698203	-	
2	185541767	-	
2	98609264	-	
2	185664670	-	
1	50249385	-	
1	50180729	-	
2	185666724	+	
1	50250903	+	
3	157250776	+	
5	78751218	-	
4	7432846	+	
4	7441796	+	
4	124666516	+	
2	95409672	-	
2	95310755	-	
2	95309485	-	
3	94950691	-	
3	95049099	-	
3	95154179	+	
4	52901397	+	
3	95231058	+	
4	23622922	-	
6	102161873	-	
4	53092845	+	
6	102721907	-	
3	157917294	+	
3	158042198	-	
6	104089745	-	
6	104230341	-	
6	104200667	-	
6	104429140	-	
6	104523009	-	
6	104552369	-	
1	176761751	+	
4	16183304	+	
4	16543774	+	
1	176870878	-	
3	95460304	-	
3	95602947	+	
5	79107647	+	
4	16983727	-	
1	177078058	-	
4	1937635	-	
4	1922659	-	
4	1920730	-	
4	1935467	-	
4	34211235	-	
4	16918918	+	
4	34307906	-	
4	17262185	-	
2	16225789	-	
1	218701966	-	
5	182156324	-	
4	2212682	-	
4	2211913	-	
4	125398645	+	
2	96417769	-	
4	17455622	-	
1	218932012	+	
1	218935230	+	
4	17473858	-	
4	43074058	+	
3	45624602	-	
5	182314536	+	
4	85393894	-	
4	2441011	+	
1	219133244	-	
4	43226635	+	
4	43232376	+	
1	219171790	+	
1	219172952	+	
1	219179414	+	
4	17499413	+	
4	43643673	-	
4	85568600	-	
4	85517988	-	
5	182334296	-	
4	44231383	+	
5	182374478	-	
5	182364866	-	
4	44329973	+	
2	104724576	+	
1	219994547	-	
4	45593610	-	
4	39304685	+	
1	220354757	+	
2	99127738	+	
1	220387528	+	
1	220471055	-	
1	220576551	+	
5	51136258	+	
1	223257866	-	
1	223293100	-	
4	113335742	-	
2	96880129	+	
2	96881181	+	
2	96881331	+	
4	18334030	+	
5	63481448	-	
4	18714922	-	
4	18743673	-	
4	135975454	+	
4	135976141	+	
4	135983724	+	
1	124554411	+	
1	124630139	+	
1	124665963	+	
7	117229429	+	
5	136739932	-	
5	136865565	+	
1	50728211	+	
1	50757246	+	
1	50759975	+	
1	223343767	-	
1	223343666	-	
5	63733457	-	
1	52717853	+	
7	163190877	+	
5	155739056	-	
1	53005178	+	
1	223362358	-	
4	25378717	-	
4	19682413	-	
1	53465474	-	
8	19927828	+	
2	99594440	-	
8	31906824	-	
5	51350701	-	
6	110107597	-	
6	110225557	-	
4	2831804	+	
4	25713634	-	
4	25713727	-	
1	125340185	-	
1	125339637	-	
1	125282468	-	
4	2887892	+	
4	2887893	+	
4	2887913	+	
4	2918532	+	
4	2921920	+	
4	2922406	+	
4	2923551	+	
1	125988244	-	
1	60790755	+	
1	125769623	+	
1	126080611	-	
1	60810786	-	
1	126086177	+	
4	114464383	+	
5	51661013	+	
4	85986353	-	
4	53403404	-	
4	53402852	-	
3	166201434	+	
2	99911230	+	
2	99915959	+	
5	64215798	-	
3	3382375	+	
3	3439865	-	
5	52371809	+	
1	61033643	-	
1	61024391	+	
5	64509315	+	
1	109940999	+	
7	163600264	-	
7	163682919	+	
7	163690992	-	
7	163690279	-	
7	163748579	-	
5	92452270	-	
7	163784083	-	
5	53381934	+	
3	166508796	-	
7	163948427	+	
2	100382777	+	
4	26267464	+	
3	82686870	+	
5	92789295	-	
1	82986253	-	
3	166666699	+	
8	48836796	+	
4	136159787	-	
8	49004176	+	
3	46238185	+	
3	46238398	+	
3	90906160	-	
2	100741966	-	
3	46348419	+	
3	91224170	+	
1	127190557	-	
5	65372475	+	
1	127335024	-	
1	127316525	-	
5	55115952	-	
4	139811034	-	
5	55131351	-	
5	55132138	+	
3	3869757	+	
9	1720151	-	
1	83317571	-	
9	5314144	+	
4	94407194	+	
1	83292806	+	
4	99597081	+	
9	5476415	+	
9	5550754	-	
9	5551741	-	
4	95360074	+	
5	185556054	-	
5	185550136	-	
3	166918904	+	
4	96429013	+	
4	115777615	+	
4	96522905	+	
5	185685632	-	
1	221450992	+	
5	185723512	+	
5	185741690	+	
1	221508300	+	
9	17556366	-	
5	185758488	+	
9	132276902	-	
5	185913927	-	
4	116015771	+	
5	185968078	+	
5	186010700	+	
3	97543310	+	
1	128517761	-	
1	128564330	-	
5	186272635	-	
8	13021666	-	
1	128769686	-	
1	128770706	-	
1	128792564	-	
1	128771461	-	
4	116234711	-	
3	83593297	-	
3	97718631	+	
5	147697265	-	
3	114721217	+	
2	3280900	-	
2	3280909	-	
5	94662062	+	
5	94752133	+	
5	13983874	-	
1	83615876	+	
5	95797390	+	
1	206821555	-	
3	46452706	-	
5	157409422	+	
1	111167646	+	
2	3462504	-	
2	3462515	-	
2	3462508	-	
2	3462092	-	
3	115931191	+	
3	116648950	-	
7	56130295	+	
1	84065833	+	
5	137470582	+	
5	137471358	+	
5	97027871	-	
5	186834832	+	
5	186934007	-	
5	186934734	+	
3	35635692	+	
3	35636409	+	
3	35638764	+	
5	138122613	+	
5	187114265	-	
5	138137923	-	
5	138140286	+	
3	99175880	+	
3	99303022	-	
3	84559228	+	
2	43604465	+	
3	84595487	-	
3	4039980	-	
5	80939210	-	
3	99859492	-	
1	129796121	+	
1	129842438	-	
3	4169664	-	
3	4175400	-	
2	43794655	+	
2	63657486	-	
2	63657456	-	
2	63641163	-	
3	84888283	-	
3	84889534	+	
8	76898589	-	
8	76885067	-	
8	76885996	-	
2	63970726	-	
2	43982482	-	
3	45294438	-	
2	64707686	-	
2	64927686	-	
2	68469563	-	
2	68506617	-	
2	68490529	+	
2	68782805	+	
2	68785786	+	
2	122700561	-	
7	61276153	-	
7	61276162	-	
2	122828070	-	
2	122896872	+	
7	71376796	-	
4	116867253	-	
2	123264345	-	
4	116891449	-	
2	123363467	-	
6	123060205	+	
6	123246764	-	
5	29346727	+	
7	33744271	+	
6	123255632	-	
2	3684860	-	
2	3684518	-	
9	47850736	-	
5	29686330	+	
2	3709948	+	
1	111981920	+	
7	166965204	-	
2	70706962	-	
4	136363013	-	
4	136363595	-	
4	136362813	-	
4	136363124	+	
2	71761574	-	
2	3941520	+	
2	4116541	+	
2	4124548	+	
7	155041758	+	
7	155042112	+	
3	10594817	+	
3	10629309	+	
3	11212449	+	
3	11428424	+	
4	98077579	+	
4	98080978	+	
4	98106033	+	
4	98119243	+	
3	101282213	-	
6	41524388	-	
4	98382633	+	
4	98383850	+	
5	105436015	+	
5	139843526	+	
3	11844583	+	
7	80777429	+	
3	93868867	-	
7	80843194	+	
7	71944812	+	
7	167141290	+	
3	12166574	-	
3	12165974	-	
4	99389705	-	
3	12284665	-	
2	143344929	+	
3	47283278	-	
8	20577831	+	
8	20588065	+	
2	105683287	-	
8	20901438	+	
8	21006238	-	
8	21098896	+	
3	86175595	-	
8	21129190	+	
3	86198256	-	
8	21268283	-	
1	62064205	+	
8	21294475	+	
3	59685151	-	
6	167569030	+	
1	61504300	+	
5	41062200	+	
1	62269799	+	
3	130510111	+	
3	47878550	-	
3	47913256	-	
3	47925637	-	
3	131132298	-	
3	47946867	-	
5	8065068	+	
5	8072054	+	
2	5213531	+	
4	101415378	+	
7	72209439	+	
4	101471437	+	
3	131304904	-	
7	72227071	+	
7	72266951	+	
7	72326465	+	
5	184135855	-	
5	184145644	-	
5	24415814	+	
7	72499704	+	
7	72550388	+	
7	72550625	+	
7	72563825	+	
8	21654828	-	
8	21692033	-	
6	42939555	+	
5	41352642	+	
8	21999119	-	
3	5102296	-	
3	5102304	+	
5	8594965	+	
7	74244277	+	
7	81451082	+	
4	101609083	-	
7	74419721	-	
7	74399178	-	
6	110379048	+	
7	74566526	-	
7	74694231	-	
8	8053625	-	
7	75089119	-	
7	75091367	-	
7	75182509	-	
8	8274372	+	
8	8524172	-	
7	81881106	-	
7	81977599	+	
6	170703734	-	
7	76067202	-	
7	76033717	-	
5	25004796	-	
5	25107971	-	
4	136780662	-	
4	127889050	+	
4	127896627	-	
4	127958414	-	
4	127955679	-	
7	117996727	+	
7	117996989	+	
7	118025615	-	
7	118079108	+	
3	121246545	-	
4	128180409	+	
4	128185162	-	
7	118896469	-	
6	147188191	+	
7	156690002	-	
7	156706745	-	
5	167511727	+	
6	111306711	+	
6	123820730	-	
6	111571723	+	
6	111571993	+	
4	86800194	-	
9	1887393	-	
10	29202173	+	
5	167539555	-	
9	106560295	-	
9	106580952	-	
9	2522657	+	
9	2543879	+	
7	98009585	+	
9	2590986	+	
7	98142508	+	
9	2780247	-	
9	2826452	-	
9	2803472	+	
9	2927280	-	
1	146152827	-	
1	146152920	-	
9	132447380	+	
9	132447410	+	
9	132468683	-	
9	3040437	-	
9	3031136	-	
9	3041548	-	
7	157096261	-	
8	22274027	+	
2	74901862	-	
9	3262646	+	
5	168207567	+	
1	207890752	+	
7	157158909	+	
3	122864786	+	
3	122884912	+	
3	122898539	+	
1	207974982	+	
1	207987339	-	
2	16494474	+	
9	132624330	+	
2	16516987	+	
2	16736875	+	
6	112725024	-	
5	25815032	-	
5	25814370	-	
8	9368374	+	
8	49343838	+	
8	49357894	+	
2	46767726	-	
2	47012822	+	
1	208275597	-	
1	208297987	-	
8	42641195	+	
5	10049892	+	
5	26074043	-	
5	26161800	+	
3	26154712	+	
3	5493730	+	
3	5502159	-	
3	5498649	+	
3	5502834	+	
5	26628861	-	
5	26626065	-	
5	26628874	-	
5	26634473	-	
5	26709660	-	
8	91456274	-	
6	44619232	+	
3	131916678	+	
6	44767405	-	
6	44772027	+	
9	6662167	-	
5	27212740	-	
10	10886830	-	
5	27477776	+	
4	138833419	-	
9	6719716	-	
5	10986089	+	
9	6722172	-	
4	138887133	-	
5	28040530	-	
2	58146548	+	
5	11596034	+	
5	28094177	-	
5	11773773	-	
5	11983587	-	
4	138985151	-	
4	138986362	-	
4	128656150	+	
9	4127994	+	
3	123706123	-	
7	64106527	-	
7	64106648	+	
9	31564399	+	
9	117717307	-	
7	76376789	+	
7	76377158	+	
4	54492098	+	
7	76482992	+	
4	54561133	+	
4	54641190	-	
9	132895338	+	
5	12544429	+	
6	113527851	-	
7	29162583	+	
7	131403517	-	
7	29173332	-	
7	29212620	+	
8	91848621	+	
8	91870834	+	
9	117938777	-	
7	29500520	+	
5	14654595	-	
5	14654509	-	
3	13454547	+	
5	14654687	+	
5	14654731	+	
7	29810990	-	
3	13518273	-	
9	118220811	+	
8	92017952	-	
9	118234026	+	
8	13690984	+	
3	32625476	-	
10	20372423	+	
4	142414146	+	
5	170364306	+	
4	149955247	+	
4	150095024	-	
1	55501887	-	
3	141300355	+	
4	150180497	-	
9	4316727	+	
7	131696789	+	
7	131696861	+	
4	142673593	+	
3	32934173	-	
3	32931248	-	
3	32776675	+	
6	49586875	+	
9	4410455	+	
3	32958744	-	
9	133310843	-	
9	118526084	+	
7	169401511	-	
9	4473196	+	
9	4497580	+	
3	33046425	-	
3	33056674	-	
8	92752838	+	
7	169523647	+	
9	133421035	+	
4	151163575	-	
3	33179692	-	
3	33065820	-	
3	33065808	-	
3	33065798	-	
9	133446313	+	
9	133488405	+	
3	33108973	+	
8	93302534	-	
8	93302576	-	
4	151388906	-	
4	151364274	-	
4	151284544	-	
4	151364629	-	
4	151353045	-	
3	35708995	-	
3	33199489	-	
3	35710127	+	
3	124556678	+	
3	124556996	+	
3	33199655	+	
8	93638211	-	
7	169623346	+	
7	169703195	+	
3	33220297	+	
8	93723101	-	
3	33226919	+	
8	43308446	-	
3	33234501	-	
7	38527442	-	
3	124601257	+	
8	93832854	+	
2	26469764	+	
3	124617164	+	
3	124618728	+	
3	124663740	+	
9	4616456	+	
1	208550925	+	
2	27408703	-	
3	125132988	+	
9	118992193	-	
9	4895937	+	
8	121769360	+	
8	121792993	+	
9	4906260	+	
3	33343571	+	
10	20484700	+	
9	4947879	+	
9	5001653	+	
2	111019	+	
9	5007649	+	
9	37853225	+	
4	103399838	+	
2	59121989	-	
2	59114139	-	
2	59060678	-	
2	59048911	-	
2	59109527	-	
9	38056735	+	
9	5040828	+	
9	5067757	+	
7	157544208	+	
9	133711619	-	
6	114277730	+	
9	40592005	+	
9	40592022	+	
9	40592054	+	
6	114585186	+	
9	29158279	+	
6	114699457	-	
6	114880080	-	
6	114846248	-	
6	114893207	+	
8	140706603	+	
6	114928446	+	
9	106790374	+	
6	115110591	+	
8	140728204	-	
6	115694862	-	
2	59384254	+	
4	143378229	-	
9	40895518	-	
4	87550873	+	
4	87550981	+	
8	124530260	+	
8	13709895	+	
4	104155798	+	
4	104155840	+	
4	104155904	+	
4	104159272	+	
7	56728249	+	
9	38187171	+	
2	115421321	+	
1	56364887	-	
1	56481174	+	
1	56550655	-	
9	119449905	-	
9	119451191	-	
2	115896530	+	
4	105964781	-	
8	94154476	+	
8	94157840	+	
4	107027055	+	
5	15438254	+	
9	39225466	-	
9	39217731	+	
4	151922064	+	
9	123803923	+	
9	32621403	+	
10	1417951	+	
9	123835514	+	
4	151976141	-	
4	151965587	-	
4	151956166	-	
4	151956031	-	
9	123878624	+	
2	59518609	+	
10	14016012	+	
2	59543053	-	
7	57349198	-	
1	57787478	-	
9	85639284	+	
1	57775298	-	
2	117473677	-	
2	117614267	-	
10	91904850	+	
8	16051297	-	
8	49546284	-	
7	62253076	+	
8	16696321	-	
2	60158197	-	
7	120766133	+	
7	120890269	+	
10	96389241	-	
10	96388251	-	
7	62492752	-	
1	58046557	-	
1	58046235	-	
2	27988814	-	
10	1533956	+	
1	148338637	-	
1	148327469	-	
1	148453970	-	
7	82573671	-	
1	197777861	+	
10	92300143	-	
10	92290918	-	
10	31982292	-	
3	125919774	+	
5	160470143	+	
5	160587595	+	
7	57688583	+	
2	439845	-	
7	57711195	-	
2	442599	+	
10	14290451	+	
9	39708844	+	
7	76808351	-	
7	76808747	+	
4	167121289	+	
10	92451721	-	
7	77138446	-	
13	9216065	-	
3	126370435	-	
3	59934113	-	
3	60004996	+	
3	60005202	+	
2	518659	+	
2	521048	+	
13	101377297	+	
13	101377310	+	
13	101377325	+	
13	101377472	+	
13	98311535	-	
4	167179089	-	
13	88866124	+	
13	88873698	+	
7	21220480	-	
7	34823579	-	
6	70985384	-	
14	27999178	+	
6	71264517	-	
6	71218872	-	
6	71237139	-	
10	703263	-	
8	123592988	+	
15	3752173	-	
14	28342959	-	
14	28240112	-	
14	28181508	-	
6	71428848	+	
3	42153562	+	
8	95106018	+	
9	58506770	+	
4	143658259	+	
4	143666247	+	
10	92629004	+	
9	7115719	-	
10	32285292	+	
10	32285632	+	
10	32285647	+	
10	32298546	+	
7	102494658	+	
7	103056970	+	
7	103737749	-	
7	103737507	-	
6	167742274	-	
10	1840930	+	
10	1934412	+	
10	1978030	+	
10	2054924	+	
5	6221201	-	
10	2213562	-	
7	104809386	+	
10	2433275	+	
10	2440942	+	
10	2443450	+	
7	50637140	-	
10	2450064	+	
7	50701514	-	
2	29454615	+	
10	2557952	-	
8	47506240	+	
10	2662932	-	
10	2673853	-	
8	47728602	+	
5	6294892	-	
8	23162408	-	
3	143673943	+	
3	143679414	+	
9	58904204	+	
10	93067135	+	
3	181028154	-	
5	6328299	-	
9	120096067	-	
9	59270062	+	
9	59293881	+	
10	93305299	-	
9	59288800	+	
5	85663321	-	
3	181230079	-	
2	60946139	-	
9	59563016	-	
9	59560465	-	
3	181229307	+	
3	181229315	+	
3	181229331	+	
3	181229344	+	
3	181229348	+	
9	59581304	-	
3	22429673	+	
3	181244652	-	
2	61051993	-	
4	167475533	-	
4	167475696	-	
3	181263506	-	
3	60448087	-	
5	17134027	-	
5	17134154	-	
3	22606985	-	
3	22600850	+	
3	22606607	+	
3	22611881	+	
5	17216063	-	
1	149421860	+	
3	22707342	+	
7	58420202	+	
3	181354596	-	
3	181361731	+	
4	167703914	-	
4	167837067	-	
4	167836824	-	
8	125724173	+	
3	181437956	+	
3	181439228	+	
3	23989297	-	
10	56590417	+	
3	181457915	-	
3	181450286	+	
3	23982333	+	
3	23998543	+	
9	124005311	+	
10	3863956	-	
8	64577498	+	
8	125922641	+	
8	125924382	+	
2	775640	-	
8	64889640	-	
8	64773325	-	
8	64990191	+	
8	64993715	+	
7	138438985	-	
10	4112877	-	
10	4273978	-	
10	4274024	-	
8	77871487	+	
3	61476246	-	
7	87198337	+	
7	17944466	+	
8	78396909	-	
7	87905157	-	
7	87870135	+	
8	78709187	-	
3	61921743	-	
8	78859008	-	
7	138724665	+	
8	78922665	-	
8	78932755	-	
7	138735504	-	
3	62043293	-	
3	62115852	-	
8	49765845	+	
7	88361727	-	
7	138798425	-	
7	138796143	+	
7	88478352	-	
4	168510508	+	
4	168516373	+	
8	50451106	+	
10	14725449	-	
3	62828486	-	
3	62836833	-	
4	168653199	+	
9	7326092	-	
3	62845154	-	
8	127218818	+	
7	21702886	+	
7	21702896	+	
7	21702948	+	
7	21702960	+	
4	168856657	+	
4	168882408	+	
4	168885222	+	
4	168885516	+	
2	17205894	-	
2	17207863	-	
2	17253850	-	
2	17253155	-	
3	63758886	-	
3	63748011	-	
3	63744307	-	
3	63758153	-	
4	169093333	+	
4	169208038	+	
2	17460290	+	
3	63930775	+	
4	169309144	+	
10	12562275	-	
4	169327995	-	
15	35319716	-	
9	91799731	-	
15	11267292	+	
4	169395497	-	
7	88740440	+	
2	188037334	-	
7	88805513	+	
7	88805815	+	
7	21858713	+	
8	141352272	+	
2	188386093	+	
7	90233515	+	
2	188698626	+	
9	30641235	-	
9	30639545	-	
9	44039816	-	
15	104915882	+	
7	90828481	-	
7	21937379	+	
9	44069287	-	
15	105506741	-	
15	105520303	-	
15	105535229	-	
9	30725044	+	
9	30745877	+	
15	105547910	+	
9	30765281	+	
7	37606287	+	
7	91316292	-	
7	51095864	-	
7	51095359	-	
2	31146060	-	
7	51097547	-	
7	37692834	+	
7	51128081	+	
7	51135174	-	
14	109006888	+	
14	109027319	+	
7	37902004	-	
14	32899504	+	
7	58954837	+	
7	58987516	+	
14	32969366	-	
3	38235258	-	
7	58982320	-	
7	38223028	-	
7	59359268	+	
6	21515021	-	
2	18922777	-	
2	145053439	-	
2	18971429	-	
2	145188008	-	
2	19186524	-	
2	62274085	-	
9	44153743	-	
7	5856279	+	
7	22318354	-	
5	149412560	+	
7	63224019	-	
7	63232761	-	
7	23594357	+	
11	121648008	-	
11	121648906	-	
7	23915259	+	
7	93310804	+	
5	149558895	+	
3	181908372	+	
8	97874479	-	
5	149669874	+	
5	149753815	+	
3	51187397	+	
8	97894691	-	
5	126082237	+	
7	139033462	-	
7	139073318	-	
8	81621292	+	
8	81621934	+	
8	81622577	+	
7	92069541	+	
7	92069819	+	
5	149960505	-	
6	22995158	+	
7	92172196	+	
5	171485838	-	
3	182385680	+	
4	169928548	+	
5	21	+	
7	92406211	-	
7	139203063	-	
7	139203076	-	
7	92526930	-	
7	92512679	-	
3	182649732	-	
3	182649759	-	
3	182649753	-	
3	182649768	-	
6	168867779	+	
3	34406716	+	
2	19602605	+	
2	19609154	+	
8	141753869	-	
8	141752937	-	
2	19727920	+	
8	141751878	+	
9	60184315	-	
8	141794428	+	
12	93375706	+	
8	141878936	+	
8	141885513	+	
8	141927330	+	
3	64825847	+	
8	141937908	+	
8	141938212	+	
8	141976085	-	
8	141989036	-	
8	142049803	+	
8	142049834	+	
2	145529320	+	
8	142079668	+	
8	142187728	+	
9	9145212	-	
3	182901578	+	
3	182901656	+	
1	62734313	+	
9	9151487	-	
9	9151722	-	
8	142447571	-	
8	142388202	+	
9	7792200	+	
7	24201076	-	
8	48651926	+	
8	142495579	-	
8	142495970	-	
8	142497539	-	
9	7856753	+	
9	7872823	+	
9	7898412	+	
9	7940209	-	
9	9273540	+	
9	8209282	+	
9	9378248	-	
3	144418824	-	
3	144418635	-	
10	23643719	-	
9	9781776	+	
3	144506259	+	
11	102520485	+	
3	144626896	+	
11	102531839	+	
5	150414204	-	
5	150406205	-	
9	10092288	-	
9	10122478	+	
3	145166616	+	
3	145272930	+	
3	145372067	+	
7	3956635	-	
9	10630060	+	
6	171252707	+	
9	10975508	-	
3	146634886	-	
3	146680371	+	
9	11087300	-	
7	3961578	-	
7	3960589	-	
7	3987703	-	
7	3990476	-	
7	3987813	-	
9	11203980	+	
9	11226814	-	
9	11428596	+	
9	11481081	-	
9	11552568	+	
2	190764394	+	
9	11589605	-	
3	65075805	-	
2	191087121	-	
9	44411950	+	
9	44412507	+	
2	145957340	-	
9	44419913	+	
9	44567884	+	
9	44629923	-	
5	6957069	+	
9	44616680	+	
9	44673727	-	
3	27091094	-	
9	44723532	-	
10	12888734	+	
10	12889521	+	
9	34936280	-	
9	34931698	-	
5	86700937	+	
10	24007008	+	
8	142851446	-	
2	191522380	-	
3	38682984	+	
2	192029513	+	
9	49084920	-	
2	192125252	+	
8	142909031	-	
8	142908678	-	
5	150616410	+	
7	133340572	+	
8	83076285	+	
10	24543079	+	
2	21793860	-	
7	4041827	-	
10	15326079	-	
7	3134612	+	
6	67491196	-	
6	67537802	-	
6	67606037	-	
6	67525635	-	
10	24886633	-	
6	132516118	+	
6	132533594	+	
6	132704003	+	
4	139428456	+	
4	139449027	-	
10	12998187	+	
9	12543671	-	
10	15423716	+	
10	15424750	+	
10	15425534	+	
3	183439912	+	
5	127679819	-	
1	150524468	+	
1	150805835	+	
9	92573293	+	
4	139548821	+	
4	139548852	+	
8	143292789	-	
1	151682945	-	
1	151679146	-	
1	151653286	-	
1	151692152	-	
1	151890764	+	
8	143300743	-	
5	86975534	-	
8	143311151	-	
8	143309144	+	
8	143309148	+	
8	143310610	+	
7	94271407	+	
10	13114864	+	
5	130862588	-	
5	130863402	-	
5	130862644	-	
5	130896798	-	
10	33081816	+	
10	33081818	+	
10	59166015	-	
7	77195722	-	
7	77195473	-	
10	59370674	-	
10	21828787	+	
10	21840709	+	
8	85646767	-	
10	59444454	-	
10	59393081	-	
7	77264965	+	
12	2115191	+	
12	2118738	-	
7	77432232	-	
7	77432888	-	
3	184540661	+	
10	49786589	+	
9	108827211	-	
5	132296430	+	
5	132375491	+	
10	59836842	-	
10	49859806	-	
5	132415947	+	
9	109222133	-	
9	61087864	-	
10	49911023	-	
9	109511531	-	
9	109674018	-	
9	109689581	-	
14	109069470	-	
9	109811717	-	
9	109968155	-	
9	110205225	-	
2	193722505	+	
2	193731329	+	
2	193824123	+	
2	193857540	+	
14	109493465	-	
14	109557920	-	
9	62383786	+	
14	109583780	+	
3	147934549	-	
3	147934801	-	
9	62431941	-	
9	62448375	-	
2	194182499	-	
5	135481945	-	
5	135466757	-	
3	34632496	-	
7	133872619	+	
7	133891856	+	
7	133954486	+	
7	133969815	+	
11	129963345	-	
14	17002659	+	
3	34658380	+	
7	63915560	-	
11	129999671	-	
11	130000182	-	
14	118607228	-	
7	83691490	+	
9	49235133	-	
9	49239690	+	
7	83764030	-	
6	138698185	+	
7	18555387	-	
14	17327516	-	
14	17356032	+	
5	151444555	+	
5	151444694	+	
7	83873590	+	
5	151468645	+	
3	42523153	-	
5	151568299	+	
10	25146189	+	
5	31279556	-	
5	151576451	+	
5	151629893	+	
14	17402824	-	
5	31296133	+	
14	17412998	+	
5	151591412	+	
13	17184684	+	
7	36428331	+	
4	11819203	+	
4	11853799	-	
7	152636679	+	
9	49730182	-	
8	86237559	+	
7	152653760	-	
7	152659108	-	
9	49763336	-	
9	49763996	-	
8	86317444	-	
7	152674041	-	
8	86342139	-	
13	17405015	+	
1	63488870	-	
7	52167899	-	
7	96140781	-	
15	78482145	+	
15	78498478	+	
15	78517668	-	
7	96201747	-	
16	6793613	-	
6	170231492	-	
10	33203972	+	
10	33203989	+	
8	98653699	-	
8	98654555	-	
8	98716749	+	
14	72542773	-	
9	92863753	+	
9	92863911	+	
9	92889475	+	
13	98927002	+	
5	87782169	+	
4	55269533	-	
13	98985601	-	
13	98986249	-	
13	98999002	+	
13	99005444	+	
1	63562615	+	
1	63579868	+	
1	63583559	+	
13	99040934	+	
4	59368719	+	
4	59414491	+	
7	37097528	+	
14	79429569	-	
13	99211041	-	
13	89285587	-	
4	60231843	-	
4	60252788	+	
13	19075122	-	
13	89486363	+	
10	50244312	+	
3	27590109	-	
13	89815416	-	
13	89798907	-	
4	12444540	+	
4	12444559	+	
4	88476838	-	
1	199224305	-	
14	73262448	-	
14	73265617	+	
5	152254210	+	
4	88793296	+	
4	88796603	+	
9	50200745	-	
9	50198896	+	
10	97212766	+	
10	97213743	+	
9	124555165	+	
4	88921363	+	
9	124597878	-	
9	124650402	-	
9	124688938	+	
5	152396880	-	
13	32062493	-	
13	18279414	+	
13	32313835	-	
12	108132953	-	
13	48523995	+	
13	48532545	+	
7	78630605	-	
14	75496084	+	
14	75611889	+	
13	49950098	-	
13	49945482	-	
14	75845974	-	
9	23497061	+	
13	50415459	+	
13	50477424	-	
8	88221059	+	
12	2238743	-	
12	2290829	-	
10	25491804	+	
12	2345331	-	
12	2319528	-	
12	2362963	-	
12	2345872	-	
7	122755600	-	
12	2321583	-	
3	148702885	+	
3	148702983	+	
7	153388452	+	
7	153411859	-	
12	2526883	+	
8	51679463	+	
8	88899531	+	
10	84508557	-	
13	90573272	-	
14	91753907	+	
6	125106273	-	
6	125103093	-	
9	23745007	+	
14	91774950	+	
13	90672371	+	
9	23795742	-	
13	90976061	-	
15	41883088	+	
9	23895965	-	
10	60808112	+	
15	3933361	-	
6	125504942	-	
13	91135358	-	
15	3960745	+	
11	119855983	+	
11	119866508	+	
11	119867051	+	
2	32832022	+	
11	130114058	+	
15	35700913	+	
7	157790783	+	
4	153209917	+	
6	23956272	-	
6	24120228	+	
15	36168999	-	
15	36186509	-	
15	36258021	-	
15	36220549	-	
15	36268602	-	
15	36268623	+	
5	31840869	+	
15	36290328	-	
2	107869983	+	
15	42561313	-	
12	119052828	-	
7	143845086	+	
7	143879091	+	
7	143887460	+	
14	33251563	-	
15	37040647	-	
7	144139477	+	
6	24733957	+	
7	144231248	-	
11	124797595	-	
6	25044785	-	
7	144680791	-	
7	144672751	-	
15	51744879	-	
6	25756895	+	
7	144938075	+	
7	123252970	+	
7	123290102	+	
2	2166656	-	
15	52340621	+	
7	145109022	-	
7	123274991	-	
7	145132694	-	
7	123298040	-	
16	16596859	-	
16	16576368	-	
16	16577759	-	
3	35499932	+	
3	35500993	+	
7	145296912	+	
15	109268315	-	
15	53127412	+	
6	26383573	+	
7	145592710	-	
7	145576634	-	
7	145644361	-	
7	145679969	+	
15	53977384	+	
15	54033477	+	
7	79840199	-	
7	146210082	-	
7	79857621	-	
7	146251398	+	
8	24142212	+	
8	24152874	+	
8	24168023	+	
16	16597100	+	
16	16611555	+	
16	16614240	+	
16	16620984	+	
9	50690421	+	
15	54782557	+	
9	50795180	-	
16	16641140	+	
9	50804271	-	
7	142071322	-	
7	142101269	-	
9	24097371	-	
11	121995318	+	
10	79884025	+	
10	79884071	+	
7	148066008	+	
7	148166323	-	
11	122014252	+	
10	79893952	-	
13	50883255	+	
13	50885585	+	
13	51112138	+	
7	148139213	+	
4	140908391	+	
14	29210989	+	
7	148376452	-	
6	27700827	-	
15	55449103	-	
7	148944146	+	
7	149146959	-	
16	16868058	-	
7	79970935	+	
4	141074270	-	
6	28890695	+	
13	52158100	-	
15	112051898	-	
15	55999608	-	
7	149477131	+	
15	56052778	-	
10	79980006	-	
10	79979989	-	
15	109400649	-	
11	8772037	-	
3	28309040	+	
11	8790141	+	
7	149923887	+	
7	149950075	+	
4	56028887	+	
19	46516929	-	
7	149969878	+	
4	141251058	+	
15	70973404	+	
7	6011638	+	
7	6011859	+	
20	52518599	+	
20	1033054	-	
15	71054925	-	
13	52584084	-	
20	52881930	+	
20	8149674	+	
20	8168681	+	
15	71359867	+	
4	56070640	-	
X	938919	+	
20	73296428	+	
20	8470764	-	
15	72446223	-	
13	32440242	-	
13	32440747	-	
14	29517812	+	
14	29517840	+	
X	1054433	-	
11	108206326	+	
13	32383739	+	
X	51029613	+	
14	123165375	+	
4	56115702	+	
7	64630594	-	
8	79274764	+	
8	79318556	+	
13	32632271	-	
13	32508668	-	
7	52602987	-	
20	73522460	-	
14	123359865	+	
7	64644891	+	
6	160965940	+	
11	88808133	-	
11	88735863	-	
14	80582940	+	
8	79535214	+	
6	161210492	+	
14	80839710	+	
9	125953140	-	
9	125953200	-	
8	79636537	+	
8	79811446	-	
14	80908433	+	
14	80966441	+	
14	81016541	+	
14	81018476	+	
14	81037449	+	
15	109485302	+	
6	171911116	+	
14	119795222	-	
9	126152349	-	
6	162295625	-	
X	145969646	+	
X	145970989	+	
X	145971661	+	
13	9967454	+	
11	3418792	+	
X	146039017	+	
8	80156901	-	
14	120320453	-	
14	29839723	-	
14	120373869	-	
X	146343812	-	
6	163628532	-	
14	120611236	-	
14	120628011	+	
14	120661607	+	
6	164002875	-	
14	120731838	+	
14	120769863	+	
8	80275170	-	
6	164361554	+	
10	53617421	-	
10	53616384	-	
8	80336216	-	
14	121017956	+	
13	100161264	+	
13	100186008	+	
13	100187178	+	
13	100188444	+	
13	100193621	+	
14	121051600	-	
14	121092075	-	
10	54063159	-	
10	54055184	-	
10	54063533	-	
10	54064685	-	
14	121155096	-	
13	100409222	+	
4	56628461	+	
13	100492012	+	
13	100492273	+	
13	100546405	+	
7	65773470	-	
7	65761226	-	
11	96707143	-	
15	109712025	+	
15	109724232	+	
10	85499121	+	
6	10484598	+	
13	92158172	-	
7	65779751	+	
10	54432677	+	
15	109840076	-	
13	100719228	+	
10	85543859	+	
13	100739074	+	
13	100747022	+	
13	100751979	+	
7	66284185	-	
15	109997737	+	
13	10512276	+	
13	10535218	+	
13	10609064	+	
10	85636976	-	
6	126037045	+	
6	126037257	+	
13	100790364	+	
13	100792492	+	
13	10767772	+	
13	10821991	+	
15	4225109	+	
15	13760374	+	
13	100906076	+	
13	100917561	+	
1	177879994	-	
13	11051951	+	
4	141786364	+	
4	141789081	+	
13	11106392	+	
10	54766868	-	
15	110111038	+	
15	43491393	-	
6	174200917	+	
15	110131628	+	
15	43559608	-	
10	55125605	+	
10	55190973	+	
7	6798124	+	
15	43636976	-	
14	14771473	-	
15	101640306	+	
14	14826384	+	
14	14830419	+	
10	55608062	-	
10	55570159	-	
13	22499514	-	
13	11583254	+	
10	55799689	-	
13	11683331	+	
13	11688381	+	
15	102201298	+	
11	97238631	+	
7	7051585	-	
15	102395139	-	
11	97301291	+	
11	97302783	+	
6	172165239	+	
15	102427223	-	
15	102435014	-	
14	121353862	-	
4	67075432	+	
14	975012	+	
14	121395160	-	
14	121407526	+	
5	33748168	+	
12	108508575	-	
12	108334617	-	
12	108339176	-	
11	97592757	-	
11	97532474	-	
11	97530005	-	
6	172682584	-	
12	108817669	+	
12	108869253	-	
6	126824545	+	
4	13608750	-	
5	160846659	+	
9	111485431	-	
15	37696384	+	
4	67300167	+	
4	67306575	+	
4	67324525	+	
15	110628996	-	
15	14574329	-	
15	14572072	-	
7	164773870	+	
8	81082078	+	
4	61985939	+	
13	92977758	+	
4	62167613	-	
9	101534995	-	
11	3981680	+	
10	97527195	+	
10	42292637	-	
15	56960091	-	
6	173084244	-	
11	4208112	+	
15	56960156	+	
6	11905225	-	
6	11935709	-	
10	42593130	-	
10	42554012	-	
10	42550507	-	
11	4346412	-	
6	12469361	-	
6	12538803	-	
15	57333294	+	
5	161369018	+	
15	57449389	+	
4	62708869	-	
6	139268832	+	
12	121876274	+	
12	121876320	+	
12	121876655	+	
12	121877687	+	
9	101617279	+	
2	149862683	-	
15	57600061	+	
10	80460932	+	
10	86116278	+	
8	128155960	+	
8	128156745	+	
8	128157991	+	
8	128376209	+	
6	3894993	-	
14	48246614	+	
6	13824588	+	
6	13826341	+	
12	121902079	-	
6	4069269	+	
6	173219721	+	CPLX2
6	173219873	+	CPLX2
6	173219885	+	CPLX2
6	173294103	+	CPLX2
6	173294835	+	CPLX2
8	128188117	-	
14	12791069	-	
3	174869831	-	
13	102115789	+	
6	4418537	-	
9	111868666	+	
13	102120536	+	
6	4425423	-	
19	54336500	+	
8	128390548	-	
6	4443763	+	
6	4443809	+	
8	81373159	+	
13	102153329	+	
8	128592919	+	
6	4486631	+	
5	120561570	+	
5	120561598	+	
7	154349391	+	
13	102300404	+	
5	172360072	+	
8	128730088	-	
14	34308825	+	
13	102471901	+	
8	129131066	-	
13	102831479	-	
13	102831399	-	
13	102768291	-	
8	129777826	+	
20	1049303	-	
8	129855773	-	
8	129867897	-	
8	129994156	-	
6	128189440	-	
13	103038085	-	
13	103038103	-	
13	103033291	-	
13	103035180	-	
13	64683178	+	
15	72812610	+	
X	42892366	+	
6	128493273	+	
13	64727868	+	
13	64728077	+	
13	64739173	+	
11	4519059	+	
5	172559753	+	
6	165660198	-	
13	64807670	-	
6	141993376	+	
6	142298156	+	
9	93914831	-	
14	48389018	-	
14	48385455	+	
13	32926154	-	
13	32804119	-	
13	32926535	-	
13	103684064	+	
15	80344481	-	
15	80170284	-	
13	103742789	+	
15	80192840	+	
13	103791070	+	
13	103791999	+	
12	122614604	+	
14	15250990	+	
14	34600013	+	
10	97637330	-	
12	122850895	-	
10	97706496	-	
10	97705349	-	
6	71848119	+	
9	25746787	+	
6	16861326	+	
10	97953452	-	
7	7480249	+	
14	122037312	-	
5	172936923	+	
5	162428249	+	
7	39349928	+	
6	173644869	-	
4	89588352	-	
14	127688447	+	
14	127688546	+	
14	127688791	+	
7	32381502	+	
14	127822021	+	
14	35789371	+	
14	35801536	+	
14	109838009	-	
14	35803131	-	
12	98229215	+	
15	111418568	+	
9	26071635	-	
15	80998909	-	
15	102931290	-	
14	98422036	+	
14	98442697	+	
15	102967056	-	
6	139748456	-	
14	98875733	-	
14	98740700	-	
14	98875674	-	
14	98875734	-	
14	82919810	+	
7	43451408	+	
8	9543635	-	
9	26671929	+	
14	1444792	+	
9	26942023	+	
4	130759511	-	
14	82966228	+	
7	158061307	+	
7	158064653	+	
7	158107433	+	
14	112583884	+	
14	112593843	-	
7	67339566	-	
14	112674831	+	
14	112682918	-	
15	44052480	-	
10	80740506	-	
10	80737829	-	
1	178167554	-	
7	68950456	+	
15	103203219	+	
15	74892602	-	
11	89054792	+	
9	127326262	-	
15	38285178	+	
6	50222565	+	
14	112795702	+	
7	4770981	-	
7	4771320	-	
7	85656555	-	
15	103395115	+	
14	113065109	-	
7	5089834	+	
7	5157532	-	
14	113161934	-	
4	131632365	-	
7	85710166	+	
7	85711971	+	
7	67444613	+	
15	103487413	-	
7	85756406	-	
7	67462928	+	
11	125662528	+	
7	85999227	-	
14	64299559	-	
11	125982834	+	
15	103763317	+	
11	126100847	+	
15	103829621	+	
10	34012823	+	
11	126118828	+	
10	34041317	-	
11	126328331	+	
11	126329361	+	
7	169657348	-	
11	126550005	-	
11	126692849	+	
16	17275791	-	
7	5513935	-	
6	17489024	-	
11	127358473	+	
11	127391209	+	
11	127502328	+	
10	72049266	-	
10	72047076	-	
QNVO02002201.1	27632	-	
QNVO02002201.1	53316	-	
10	72044006	+	
QNVO02002201.1	60186	+	
6	17613549	+	
6	17643410	+	
14	49805801	+	
11	127458727	+	
11	127466557	+	
13	23034479	-	
15	111652676	+	
14	49998064	+	
14	50023892	+	
11	4919396	+	
5	162779530	+	
11	127741295	+	
11	7057862	+	
7	69133221	+	
7	69133896	+	
7	69136624	+	
11	127778128	+	
11	8991903	-	
11	127928001	-	
6	94175560	-	
11	127941147	-	
20	1104649	+	
5	121682470	+	
5	121698029	+	
5	121698198	+	
5	121716458	+	
11	128060376	+	
5	162917579	+	
7	5680418	-	
5	163166737	-	
5	163166723	-	
14	7805769	-	
7	5691713	-	
5	106556993	+	
X	51408093	-	
16	26626547	+	
6	17899047	+	
6	17899068	+	
5	122102108	-	
6	142531395	+	
16	26769746	-	
6	142604087	+	
6	142848382	-	
6	142801383	-	
6	142850362	-	
6	18134302	-	
16	27206706	-	
6	18167396	-	
7	67859461	-	
6	18198366	-	
16	12074890	+	
X	1105460	+	
5	122004316	+	
5	122016979	+	
6	18458642	+	
7	44197910	-	
13	46482553	+	
7	113573548	-	
7	8671813	-	
15	38787765	+	
15	38796285	+	
5	122279705	-	
16	51651111	+	
16	51686543	-	
16	51695021	-	
7	8887357	-	
14	127927330	+	
14	128019556	+	
QNVO02001891.1	43144	+	
10	98148807	-	
10	98151196	-	
QNVO02001898.1	9533	-	
QNVO02001898.1	8605	+	
QNVO02001898.1	21037	+	
15	113106556	+	
15	113106560	+	
15	113106581	+	
15	113106608	+	
15	113141540	+	
4	68681568	+	
15	113178074	+	
6	30359220	-	
4	68842562	-	
6	30879961	-	
4	68832871	+	
6	31141713	-	
10	98265033	+	
4	68906713	-	
7	161298562	-	
7	161298203	-	
7	161336191	-	
6	31115061	+	
5	163884454	-	
9	45979692	+	
9	45991823	+	
20	73594717	+	
18	1505586	+	
18	1520189	+	
9	46258892	+	
X	55608312	-	
7	113954813	+	
7	113974832	+	
20	73737262	+	
16	34639400	+	
7	113994948	-	
18	1598545	+	
18	1600951	+	
18	1672342	+	
20	73835215	+	
6	166985922	-	
X	1159713	-	
18	1807575	-	
20	73949051	-	
X	1167880	+	
18	1925047	-	
18	2160326	-	
X	1172054	-	
X	1169738	-	
18	2002089	+	
6	55696528	+	
3	29646501	-	
3	29725684	+	
15	81341266	+	
6	56372187	+	
20	1307975	-	
6	56375846	+	
13	12738588	-	
6	72590336	+	
6	56464837	-	
6	56664867	-	
6	72874852	-	
13	12812953	-	
9	128732780	+	
9	128734147	+	
18	71323285	+	
14	6474544	+	
12	63996933	-	
18	71369076	-	
18	71339571	-	
9	128800004	+	
12	64184980	-	
12	64148129	-	
12	64084488	-	
12	64150977	-	
QNVO02000299.1	25656	-	
9	128877821	+	
15	4762383	-	
3	30780259	-	
13	85781940	-	
13	85786117	+	
13	85787478	+	
13	47075577	+	
11	21715288	-	
11	21706677	-	
13	106080523	+	
13	106091610	+	
13	106092640	+	
13	85805007	+	
ML143120.1	145857	-	
13	85953593	+	
13	85960408	+	
13	106096013	+	
13	106103420	+	
13	85972758	+	
19	48473260	+	
6	133007141	-	
9	129266442	-	
6	15486816	-	
6	15666161	-	
13	106169028	-	
9	129266016	+	
9	129266621	+	
13	86198787	+	
13	86236351	+	
13	86282454	+	
6	15662035	-	
6	15691412	+	
6	15740538	+	
9	129330412	+	
QNVO02000514.1	38375	-	
10	29653262	+	
13	106280102	-	
13	86464825	-	
13	86616429	-	
13	86565761	-	
5	123417461	-	
10	34223321	-	
5	65521724	+	
9	129658593	+	
13	86808126	+	
5	65528507	+	
X	56545580	+	
X	56545608	+	
13	87015441	-	
13	87170786	-	
5	123676127	+	
6	148891542	-	
8	66573765	+	
13	87140471	-	
QNVO02000042.1	25478	+	
X	146534490	+	
QNVO02000327.1	20896	-	
13	87540899	-	
16	49169399	+	
QNVO02000329.1	13684	-	
12	3106795	+	
7	114536695	-	
10	93682828	+	
10	93691466	+	
10	93723699	+	
QNVO02000330.1	41881	+	
8	66756898	+	
17	91343846	+	
12	124119381	-	
6	56879373	-	
X	1650018	-	
X	37008051	+	
17	91440646	+	
7	33316382	-	
10	43007963	-	
4	74328380	-	
4	74325374	-	
12	124279373	+	
QNVO02000048.1	9894	+	
6	87401150	+	
QNVO02000049.1	10031	-	
QNVO02000332.1	17931	-	
QNVO02000332.1	16160	-	
QNVO02000332.1	18149	-	
14	57518762	-	
QNVO02000049.1	20222	-	
QNVO02000332.1	32694	-	
QNVO02000332.1	42332	-	
QNVO02000334.1	600467	+	
15	44887406	-	
QNVO02000334.1	1192483	-	
QNVO02000334.1	1192547	+	
7	68164762	-	
4	90228275	+	
7	68138924	+	
7	68138949	+	
7	68139058	+	
7	68139101	+	
10	43054469	-	
5	125252938	-	
11	9148538	+	
13	47324844	-	
QNVO02000050.1	72960	+	
12	124587883	-	
8	59393893	+	
11	128860478	-	
X	107239475	+	
9	27842287	+	
9	27845409	+	
5	125296865	-	
5	125257788	-	
X	124197852	-	
15	67548338	-	
5	174910537	+	
13	53516832	+	
11	45067727	-	
11	45042206	-	
4	72183602	-	
5	175313240	-	
12	100580959	+	
14	2049388	+	
20	4186294	+	
14	2073086	-	
QNVO02000071.1	12126	+	
QNVO02000071.1	13659	+	
6	94338595	+	
6	94338714	+	
6	94341146	+	
15	106515386	-	
15	106473896	-	
6	57263518	-	
6	57245688	-	
12	60479178	+	
5	176535691	+	
X	2187413	+	
X	2187502	+	
5	176592183	+	
8	59761068	+	
20	74179563	-	
13	33303662	+	
5	177272723	-	
5	177321677	-	
5	177310553	-	
9	130626106	+	
8	59807414	+	
18	2682465	-	
18	2636256	-	
11	131045775	+	
19	58141177	+	
5	177358561	+	
15	82275018	-	
11	131117185	-	
13	33500954	-	
15	82432947	-	
11	131176882	+	
15	82524141	+	
2	128017883	+	
9	130921803	+	
15	82738498	-	
19	58173265	+	
9	130922416	+	
8	60656240	+	
2	128135137	+	
5	177880856	-	
14	31693136	-	
2	128147366	-	
14	31680650	-	
2	128183050	+	
11	131474641	-	
2	128403648	-	
14	123790582	-	
11	131484061	-	
11	131486149	-	
20	39735468	-	
20	39798221	+	
14	123852027	+	
17	30835197	-	
8	10027510	-	
4	74683123	+	
9	131450529	-	
9	131473696	+	
4	74797167	+	
4	74948334	-	
4	75194808	-	
4	75008595	-	
12	61117294	-	
12	61116339	-	
13	5509182	-	
4	75199098	+	
14	22692150	-	
7	165415263	-	
14	22981191	+	
14	23094937	-	
14	23143392	-	
4	75325833	-	
4	75322979	-	
4	75375723	-	
14	23160433	+	
14	23217751	+	
20	27401816	+	
14	23384932	+	
4	75714857	-	
4	75467004	-	
4	75661837	-	
4	75615544	-	
4	75581168	-	
4	75707090	-	
4	75690359	-	
6	62311776	-	
4	91006505	-	
X	52073809	-	
4	9990612	+	
4	9990893	+	
4	91257039	+	
4	75993434	-	
7	68353550	-	
15	83021980	+	
14	51654090	+	
7	165558111	-	
16	12863428	+	
20	21260905	-	
7	165562968	+	
19	33275772	-	
10	43157396	+	
11	102916021	-	
11	102881559	-	
20	21359194	-	
11	102986415	-	
10	43234031	+	
10	43264637	+	
16	13162730	-	
10	43375443	+	
16	13181230	-	
8	61009048	-	
6	88177534	-	
QNVO02000096.1	33407	-	
6	611222	-	
6	610830	-	
14	110391871	+	
6	609947	+	
16	13863498	-	
6	5364876	-	
6	5364020	-	
6	5364081	-	
QNVO02000099.1	21	+	
QNVO02000099.1	2942	+	
12	61440117	+	
7	169788117	+	
10	44010716	+	
10	44011916	+	
6	663598	-	
6	131140068	-	
X	108242830	+	
10	44116060	-	
14	2439452	-	
20	40476040	-	
8	72937985	-	
10	34876416	+	
10	44552741	-	
10	44549743	-	
8	132311	-	
8	98664	-	
6	131376434	+	
20	40495035	-	
10	44710174	+	
20	40495097	+	
8	73502005	-	
6	88674619	+	
8	10612617	-	
6	808858	+	
11	120266510	-	
15	31814836	-	
15	31788749	-	
11	120288355	-	
11	53350318	-	
11	53344981	-	
2	150220829	-	
8	10655417	+	
11	53397604	-	
6	88963493	+	
11	53412364	+	
11	53440591	+	
10	44934588	-	
13	88406267	-	
10	99278739	+	
6	140637060	+	
13	88529482	-	
6	89448816	+	
6	89457767	+	
18	71455501	-	
13	34116922	-	
16	14502295	+	
16	14505699	+	
13	34080032	-	
14	58020687	-	
16	14866532	-	
6	89761879	-	
6	89815514	-	
7	45780798	+	
10	98575654	+	
6	150518186	-	
6	150512028	-	
6	150504770	-	
16	14872292	-	
7	105983072	-	
7	14584887	+	
12	84064966	-	
16	14881140	-	
7	106276420	-	
19	33484642	-	
19	33491014	-	
2	129190631	+	
8	144796890	-	
16	18256774	-	
10	35129932	-	
10	35129908	-	
14	23781172	-	
10	35075628	+	
20	36516323	-	
14	23793315	-	
20	36528720	+	
2	129431988	-	
14	23863465	-	
QNVO02000114.1	22344	-	
QNVO02000114.1	23549	+	
QNVO02001916.1	55973	-	
QNVO02000118.1	32191	+	
QNVO02000118.1	33300	+	
14	122962998	+	
14	123027090	+	
14	53812268	+	
QNVO02000121.1	22325	-	
12	128948428	+	
12	128948446	+	
12	128949206	+	
15	15904020	-	
QNVO02000122.1	23007	+	
6	5545212	+	
4	63558053	-	
4	63553861	-	
14	53953261	+	
12	128951491	+	
13	54002281	-	
X	114616977	-	
8	941883	+	
8	942650	+	
8	942828	+	
8	947516	+	
6	141296140	+	
6	90460027	+	
QNVO02000124.1	20029	-	
QNVO02000124.1	29486	-	
17	31625307	+	
17	31657056	+	
8	25918399	-	
8	25951323	-	
11	53703670	+	
11	53728164	+	
10	72547153	+	MANBAL
10	72547161	+	MANBAL
10	72547168	+	MANBAL
10	72547226	+	MANBAL
10	72553488	+	MANBAL
11	109730306	+	
6	149666598	+	
6	149672367	+	
6	149745732	+	
6	6325693	+	
15	32296045	-	
X	60876666	-	
X	60938959	-	
7	45454579	+	
6	36552720	-	
6	149798791	+	
17	33310548	-	
8	1171125	-	
12	61806263	+	
11	53796038	-	
11	53799856	+	
6	6500934	+	
14	16396949	+	
11	79949215	+	
14	93760757	+	
11	79964637	+	
17	34744476	-	
14	13396289	+	
17	34968717	-	
7	45551796	+	
20	37035258	-	
2	129804255	+	
2	129804355	+	
2	129804686	+	
2	129822727	+	
6	131588874	-	
8	26312158	+	
8	26312300	+	
10	98687311	-	
10	98691986	-	
18	5722786	-	
10	35258485	+	
2	130000177	+	
2	130090512	+	
X	52833700	+	
X	52833727	+	
10	35345728	+	
8	11403745	-	
X	52869050	+	
18	71566832	+	
10	94457074	+	
12	61868888	+	
5	41919642	+	
5	42016340	-	
10	35713515	-	
15	16586548	+	
8	11388343	-	
11	14675695	+	
12	27267397	-	
12	27191224	-	
12	27224170	-	
11	14811847	+	
6	59695485	+	
X	2948832	+	
7	45775545	-	
7	45771786	-	
11	14913051	+	
3	31301619	+	
3	31301640	+	
3	31409395	+	
18	2867760	+	
9	111980963	+	
18	5801143	+	
9	112008884	+	
9	112111290	+	
5	179058622	+	
5	179086851	-	
5	179134682	+	
5	179189518	+	
19	35391177	+	
8	2264972	-	
10	94550078	-	
10	94716217	-	
3	31623890	+	
4	10622324	+	
10	94680428	-	
10	74478882	-	
10	63813359	+	
19	47445291	+	
4	10662367	-	
4	10659962	-	
X	109836072	+	
20	9313691	+	
3	160660149	+	
17	37954072	+	
8	61522570	+	
8	67581487	-	
8	61569669	-	
11	72463789	+	
8	145012528	+	
14	54525797	-	
14	54475709	-	
14	54431254	-	
11	72791629	+	
6	60004306	-	
20	9487058	-	
11	12003245	-	
20	9524592	-	
11	12263274	+	
6	175127334	+	
6	175137049	+	
6	175172327	+	
20	9524613	+	
20	9535892	+	
17	38263956	-	
17	38210533	-	
3	177345459	-	
19	39794162	+	
11	12291164	+	
17	38155754	+	
10	72714239	-	
6	60213107	+	
11	80519559	+	
3	31975298	+	
14	54864257	-	
6	60529466	+	
15	5680181	-	
12	5080632	-	
6	68918150	-	
6	68918252	-	
6	175183763	-	
8	11547109	+	
6	175198091	-	
15	5714406	+	
6	175196294	+	
15	6311909	+	
14	24023193	+	
14	126565047	+	
6	175214975	-	
14	24186967	+	
12	129127823	-	
6	175213950	+	
5	173855487	-	
17	60091142	+	
5	173933656	+	
X	147917526	-	
X	3354274	-	
6	94503022	-	
6	94501384	-	
X	147919441	-	
14	8210812	-	
18	6691659	+	
6	94507538	+	
4	76432155	+	
X	147922093	-	
18	6709708	+	
6	94512860	+	
18	6900517	+	
8	145107789	+	
QNVO02001940.1	33741	-	
17	60445355	+	
8	145112752	-	
20	74310954	-	
4	76597380	+	
6	1144304	+	
5	174394466	+	
11	93181083	-	
12	94713288	+	
12	94936624	-	
6	175360364	-	
6	175372566	-	
5	174617225	-	
8	11814525	+	
9	67007895	+	
6	94934810	+	
11	3680	-	
8	145144011	-	
20	40683073	-	
X	5419902	-	
8	11859099	+	
6	175414140	+	
8	11914202	-	
8	11914581	-	
6	95496518	-	
17	60642494	-	
4	153810289	+	
4	153816026	+	
17	60698405	-	
2	130730129	+	
2	130809319	+	
6	96002860	-	
6	95980542	-	
15	68608426	-	
17	60857945	-	
17	60839886	-	
17	60896122	-	
X	44572180	+	
2	130867402	-	
18	7368364	-	
12	69790847	-	
12	69792420	-	
11	22816067	-	
4	64313378	+	
6	116911977	-	
15	6520478	-	
2	140740717	-	
6	6755596	+	
6	6761317	+	
18	71882950	+	
10	98837552	+	
X	130271209	+	
8	12271936	+	
QNVO02001951.1	19132	-	
18	7486616	-	
QNVO02001987.1	23278	-	
18	8144634	+	
18	8150447	+	
3	175265624	+	
4	76883988	+	
10	74560399	-	
X	25242427	+	
20	29131699	+	
18	9006836	-	
18	9004326	-	
10	74563570	-	
X	25326461	+	
X	111985055	-	
X	111960196	-	
8	27233610	+	
8	27354302	-	
X	5887328	+	
6	155175434	+	
10	74959298	+	
10	74959827	+	
20	10566577	-	
6	69355820	-	
4	77515634	+	
X	6321722	-	
4	77713818	+	
X	6435272	-	
X	131917784	-	
6	109080271	+	
6	69643340	-	
11	120442239	-	
3	177887799	+	
X	62678441	+	
20	10665526	+	
18	9666481	+	
8	12972043	-	
15	17332240	-	
15	17339108	-	
12	114149176	-	
15	17359024	+	
13	13541348	-	
16	55890788	-	
13	13550292	-	
13	13552366	-	
13	13554240	-	
13	13568991	-	
13	13575219	-	
13	13578527	-	
13	13581122	-	
13	13587051	-	
4	78539460	+	
13	13591653	-	
13	13600391	-	
13	13593514	-	
13	13608257	-	
13	13609437	-	
X	112219129	-	
X	112229485	+	
4	78921612	-	
8	62566736	+	
10	45400926	+	
8	62728181	-	
X	148695117	-	
X	148687311	-	
6	155646972	+	
10	45748276	-	
1	178922520	+	
10	45770824	-	
4	79716331	-	
12	129306744	+	
12	129307976	+	
13	67270485	+	
13	67892208	-	
11	9433102	+	
10	95475502	+	
4	73053028	+	
13	68200145	+	
13	68236173	+	
13	68252309	+	
11	9456489	-	
X	148785422	+	
X	148785767	+	
12	62303081	+	
16	52787954	-	
9	28122826	+	
19	13224092	-	
12	62394890	-	
6	117492829	+	
8	145565870	+	
3	161127354	+	
ML143120.1	709668	-	
12	129374175	-	
16	52802883	-	
2	150926066	+	
2	150933215	+	
10	95801215	+	
3	161144656	+	
14	95586112	-	
12	129441272	+	
12	129450202	+	
3	175535536	-	
X	130809995	-	
12	129473469	-	
10	95905506	-	
7	159267063	+	
11	194919	-	
12	129523573	+	
ML143120.1	769298	+	
ML143120.1	782554	+	
12	129606104	+	
7	159535696	-	
6	178369113	-	
6	118382017	+	
10	96228568	+	
4	80510291	+	
4	80554766	+	
X	130813807	+	
6	118557273	+	
19	47639990	+	
11	89502737	+	
7	159742089	+	
14	14106199	-	
14	14111702	-	
18	34543497	-	
18	34543175	-	
6	119050678	+	
7	159763156	-	
19	47657520	+	
6	119214876	+	
14	115131475	-	
4	80598089	+	
11	89647253	+	
X	30081326	-	
11	89688925	+	
7	159892004	-	
7	115299089	-	
6	74780375	+	
5	44667568	-	
7	115419182	+	
4	73569946	-	
7	160332105	+	
8	145622038	-	
17	22381639	-	
17	22408483	-	
7	160384671	-	
14	115545447	+	
7	116177266	-	
7	116294922	-	
8	134001798	+	
11	67308989	-	
11	67300470	-	
7	116422035	-	
7	160604196	-	
18	34766381	+	
11	67609770	+	
6	178708954	-	
11	90804627	+	
7	15298361	-	
7	15386036	-	
7	15308786	-	
17	61557959	-	
6	178726856	-	
17	61671229	+	
18	34852473	-	
11	8153244	+	
11	8161800	+	
8	134313738	+	
17	61893006	+	
19	34248005	+	
7	15893845	-	
19	34279108	+	
12	129872526	-	
10	75425020	+	
7	15960977	-	
12	129935026	+	
7	161026312	-	
7	161037342	-	
7	161045503	-	
15	69830456	+	
19	35709495	-	
19	35704773	-	
QNVO02001639.1	3875	-	
QNVO02001639.1	3625	-	
12	3725630	+	
15	70146439	-	
15	70100581	-	
15	70085186	-	
12	3780218	-	
20	15166551	+	
6	156661880	+	
5	109348934	-	
5	109340586	-	
14	55310697	-	
19	38100484	+	
5	109405219	-	
11	91412529	-	
8	63832324	+	
8	63871948	+	
5	110105856	+	
11	91688117	-	
11	91667597	-	
11	91658743	-	
13	61569089	-	
8	64023299	+	
8	64025413	+	
11	91832431	-	
9	571576	-	
6	119697272	-	
5	110426419	+	
9	596860	+	
20	59026465	-	
20	59074764	-	
9	67502350	+	
9	745952	+	
10	35897112	-	
10	35882456	-	
10	35897808	-	
17	64307553	+	
9	778843	-	
9	784980	-	
9	789104	-	
3	57279891	-	
3	57277263	-	
20	59240103	-	
19	35928043	-	
3	57278764	+	
9	102562524	-	
6	119849921	-	
X	20374692	-	
17	65202298	+	
17	65388920	+	
11	74301290	+	
X	91722811	-	
19	35970928	+	
X	91724550	+	
14	65483272	-	
6	70196573	+	
12	5887777	+	
X	91729427	+	
6	70256060	-	
17	65580993	+	
11	23048055	+	
X	91732672	+	
16	18225771	+	
17	65939654	-	
X	92257291	-	
11	91962494	+	
11	91964442	+	
18	3244997	+	
17	66541981	-	
17	66559877	-	
17	66507345	-	
5	98354812	+	
5	98366805	+	
6	61126565	+	
11	92028083	+	
11	92071106	-	
6	156730364	+	
6	156730559	+	
6	109931721	-	
6	109937063	+	
6	109937190	+	
6	7893477	+	
6	7893769	+	
5	45956341	-	
6	7968123	-	
6	109953252	-	
18	3470134	+	
19	47802674	-	
8	135610372	+	
19	23166840	+	
19	23196337	+	
8	135691962	+	
8	102952254	+	
18	3514120	-	
6	70395005	-	
18	3549664	+	
17	67548401	-	
QNVO02001432.1	19727	-	
18	3553596	-	
18	3553133	-	
6	8555047	+	
6	8600114	+	
5	99358133	-	
6	8580314	-	
6	8855020	+	
QNVO02001444.1	20207	-	
6	178821013	+	
6	178821840	+	
6	178856754	+	
17	67781274	-	
20	41406446	+	
20	41488534	-	
19	40032496	-	
20	41487755	+	
17	68499846	-	
6	81338686	+	
QNVO02001460.1	1207	-	
QNVO02001461.1	2816	-	
QNVO02001461.1	27570	-	
11	93949966	-	
QNVO02001991.1	6785	+	
QNVO02001461.1	23957	-	
QNVO02001461.1	73072	-	
18	3780177	+	
9	53228257	-	
11	27138117	-	
11	27110362	-	
QNVO02001461.1	77942	+	
6	98884176	+	
6	98943166	-	
20	42047522	-	
20	42047520	-	
11	27212014	+	
6	99197564	-	
8	136430178	+	
9	13412630	+	
9	13430700	+	
20	38591174	+	
18	4315794	+	
20	38709053	-	
10	27624842	+	
QNVO02001481.1	8435	+	
QNVO02001481.1	9950	+	
18	4371453	-	
6	156825541	+	
10	27672363	-	
10	27667585	-	
8	136634568	+	
20	55767649	+	
20	74844982	-	
20	39141972	-	
20	39352043	+	
10	61776540	-	
QNVO02001502.1	6324	+	
QNVO02001502.1	6585	+	
6	83509586	+	
10	27768384	+	
6	83694331	+	
10	27775096	+	
X	38683626	+	
X	38689696	+	
X	38844151	+	
12	109770992	-	
QNVO02001521.1	18387	-	
13	78692951	+	
20	42405024	-	
20	42389438	-	
9	64025513	+	
18	4608802	-	
18	4608099	-	
12	109768679	+	
X	39081896	+	
10	62005083	+	
6	1322650	-	
13	78749258	-	
X	39324273	-	
X	39313425	-	
3	58132939	+	
3	58133372	+	
12	63553720	+	
12	63632136	+	
X	39357404	-	
X	39353973	-	
7	92577	-	
X	149006071	-	
6	92704371	+	
6	92707909	+	
7	46177108	-	
8	137363875	+	
10	74037584	+	
13	107822634	-	
3	58298108	+	
7	46277042	+	
6	175847775	+	
12	85408617	+	
3	58309453	+	
6	75152499	+	
13	107849265	-	
16	56285430	-	
18	59291518	+	
1	159287141	-	
8	131366526	+	
13	84475950	-	
1	159362483	-	
16	70039776	-	
13	107967349	+	
13	107969485	+	
16	70047680	+	
12	86354768	+	
11	109701228	-	
11	109699339	-	
12	7959	+	
20	11174212	-	
13	108020309	+	
13	94234540	-	
8	131455941	-	
16	70063519	-	
16	70063217	-	
16	70059807	-	
X	149133016	+	
X	149134929	+	
QNVO02001525.1	19928	-	
3	58475454	-	
15	89709551	-	
15	89712858	-	
15	1606924	+	
15	1608667	+	
13	108026928	+	
15	29733024	-	
8	131792919	-	
15	29726630	+	
15	29734910	+	
15	89824808	-	
13	108053920	-	
13	108054002	+	
QNVO02001526.1	11234	+	
QNVO02001526.1	12316	+	
16	70270129	-	
16	70174636	-	
16	70119111	-	
16	70305265	-	
16	70307471	-	
8	110225924	+	
8	110407628	+	
8	110418928	+	
X	149156952	+	
QNVO02001535.1	19669	+	
15	96851775	-	
X	149181158	+	
8	110554584	+	
15	58322567	+	
20	29403184	-	
7	126946459	+	
15	58406542	-	
11	54587762	+	
12	49999001	+	
11	27594572	+	
15	17746742	-	
16	41538407	+	
8	111323476	+	
8	111323659	+	
10	46124078	-	
9	67819754	+	
8	111354212	-	
8	100424151	+	
15	29862040	+	
7	107068876	-	
7	107115869	-	
13	95962334	+	
15	29869405	+	
8	111625340	-	
8	111627600	-	
8	111634965	-	
16	70382978	+	
QNVO02001561.1	16756	+	
16	70443776	-	
16	70436221	-	
16	70461109	-	
QNVO02001562.1	4114	+	
13	108171370	-	
13	108187327	-	
8	112253578	-	
8	112021340	-	
20	29686047	-	
16	70533866	-	
13	108220024	+	
13	108343841	-	
11	46080035	+	
11	46082243	+	
QNVO02000656.1	17434	-	
QNVO02000656.1	13775	-	
13	108374234	-	
13	108373974	-	
12	50266850	-	
X	131231179	-	
15	33288622	-	
15	33384538	-	
14	96193612	-	
QNVO02001585.1	5581	-	
4	64548816	+	
15	108058270	-	
13	108352981	+	
3	135232303	+	
QNVO02001587.1	1562	+	
QNVO02001587.1	9736	+	
4	64581799	-	
20	29815296	-	
3	135277640	+	
13	96186599	+	
13	96254000	+	
20	29814184	+	
ML143121.1	20524	+	
19	36654791	-	
13	96209832	+	
3	135630995	+	
ML143121.1	133001	-	
QNVO02001604.1	22041	+	
14	7207894	-	
ML143121.1	228942	+	
13	96290199	+	
12	86842730	-	
6	93486871	+	
ML143121.1	436528	+	
13	96347333	+	
15	59424215	-	
15	59493004	-	
16	78558962	+	
12	50429059	+	
15	59474237	-	
ML143121.1	840908	-	
13	96450242	-	
13	96411903	-	
15	59641668	-	
ML143117.1	192485	-	
3	136476471	+	
13	96676667	-	
13	96684144	+	
15	59866853	-	
17	68685968	-	
ML143117.1	251022	+	
ML143117.1	255882	+	
X	131382556	-	
17	69096704	+	
8	69936608	-	
11	50809390	+	
QNVO02000796.1	14775	+	
QNVO02000796.1	16871	+	
QNVO02000817.1	16385	+	
12	3970741	+	
8	70040653	-	
16	57534601	+	
16	57535124	+	
16	57536062	+	
14	9099715	-	
14	9106174	-	
11	121079946	-	
7	69913927	-	
12	50883484	+	
12	4051738	+	
16	74200657	-	
QNVO02000864.1	1497	+	
16	74213069	-	
QNVO02000864.1	16419	+	
16	74311098	-	
15	12224634	-	
13	24199439	-	
4	145946649	-	
11	46835054	-	
15	60067308	+	
4	146259753	+	
4	146313233	+	
20	33435341	-	
13	24241286	+	
16	20790427	-	
16	20788136	-	
7	46824674	-	
13	24296523	+	
13	24299289	+	
16	18678866	+	
16	20825039	+	
16	20825898	+	
16	20828761	+	
13	24479202	+	
QNVO02000124.1	32142	+	
16	30549389	+	
14	25698380	-	
X	131627427	-	
X	131626421	-	
4	146721050	-	
14	39885086	+	
ML143119.1	795529	+	
18	73527854	-	
6	1553186	+	
6	1553197	+	
6	1565174	+	
10	81615724	+	
14	26041855	+	
14	26058913	+	
14	26060434	+	
12	51124987	+	
7	47128033	-	
15	61346992	-	
15	61342542	-	
7	47164881	-	
7	47146413	-	
11	123658607	-	
3	176152306	-	
14	26425396	-	
6	9501658	+	
6	9501713	+	
6	1620438	-	
6	1618685	-	
14	26706510	+	
14	26711208	+	
14	26712540	+	
14	26729730	+	
7	70109042	-	
5	180172356	-	
4	147352540	-	
4	147359087	-	
7	47180333	-	
18	19535929	+	
18	19582749	+	
18	59499038	+	
20	17758942	+	
QNVO02001020.1	23560	-	
6	1732929	+	
9	53879179	-	
15	47066918	+	
X	34477054	-	
12	51186774	+	
4	147613588	-	
4	147615086	-	
4	147613954	-	
QNVO02001082.1	3593	-	
X	131695619	+	
14	27198983	+	
QNVO02001096.1	10195	+	
14	27227409	-	
QNVO02000405.1	1393	+	
QNVO02000405.1	11871	+	
18	59840680	+	
18	59849053	+	
18	59871855	+	
QNVO02000405.1	40858	-	
QNVO02000405.1	40028	-	
6	175982266	+	
12	78410525	-	
12	78464669	-	
12	78463605	-	
12	78476970	-	
12	51591561	-	
19	52831936	-	
20	75097151	-	
6	84543405	+	
4	147803288	-	
4	147797019	-	
4	147796692	-	
4	147850381	-	
4	147803349	-	
6	84752793	+	
7	135012190	-	
8	28519994	+	
ML143124.1	461861	+	
QNVO02002008.1	48338	-	
ML143124.1	637246	+	
ML143124.1	640865	+	
15	84060338	+	
15	84071840	+	
18	60136588	-	
8	139561114	-	
11	92842826	-	
18	36939195	+	
18	36943984	+	
ML143124.1	676860	-	
ML143124.1	690117	-	
6	1847749	+	
8	139752720	+	
6	151269571	-	
QNVO02001174.1	15316	-	
ML143124.1	1075352	+	
6	2054662	+	
18	37250202	-	
18	37242645	-	
6	151273074	+	
15	75501190	-	
6	2084066	-	
11	92940746	+	
6	2121801	+	
4	148118727	-	
4	148335190	-	
4	148337635	-	
4	148336335	-	
QNVO02001179.1	26686	-	
QNVO02001179.1	26833	-	
19	15757119	-	
11	24165544	+	
8	3034822	+	
8	3051926	+	
8	3164267	-	
6	2153018	+	
5	180327876	-	
5	180296123	-	
8	140214786	+	
6	176177010	+	
8	140313206	-	
15	75859821	+	
8	3419445	-	
6	176236472	+	
14	8548488	-	
17	1437031	+	
8	3649575	+	
QNVO02001649.1	13689	-	
QNVO02001649.1	13020	-	
15	76163081	-	
5	180389444	-	
6	2496268	-	
6	136881166	+	
7	25142279	-	
7	25094136	-	
QNVO02001207.1	27054	-	
QNVO02001207.1	29489	-	
13	68887369	-	
13	68885284	-	
14	127024420	+	
3	70827826	+	NUDCD3
18	38330534	+	
18	38338704	+	
11	68594884	+	
17	78760263	+	
19	27396483	-	
13	68935108	+	
17	78871822	+	
18	60236445	+	
18	60237564	+	
5	112129109	+	
13	68966265	-	
4	133239428	+	
6	85393293	-	
QNVO02001247.1	12521	-	
14	127187781	+	
6	76659141	+	
QNVO02001667.1	34424	+	
11	132260670	-	
14	127408556	+	
18	38689150	+	
11	132299277	+	
11	132307180	+	
7	70447512	+	
QNVO02001673.1	35811	-	
18	38854925	+	
QNVO02001673.1	40985	+	
15	62211183	-	
9	54017441	+	
18	5538041	+	
QNVO02001684.1	4585	+	
6	85581812	-	
6	85575375	-	
6	85574704	-	
6	85581834	-	
6	85582363	-	
7	117135984	+	
20	63081798	-	
QNVO02001264.1	13469	-	
15	97078632	+	
15	62240336	+	
7	70661463	+	
20	63119760	-	
20	75577930	-	
6	136923364	+	
12	185476	+	
15	62278654	+	
11	13963594	-	
20	75566052	-	
20	75562689	-	
9	54176948	-	
18	10671726	+	
15	97181490	-	
X	93268753	-	
X	93276122	-	
Y	6910236	-	
9	54335561	+	
20	75565021	+	
8	116142556	+	
Y	7008111	-	
6	85584608	+	
11	13987798	-	
20	75575132	+	
Y	7037424	-	
Y	7058897	+	
12	206761	+	
9	54408355	-	
8	116254522	-	
QNVO02001293.1	5616	+	
QNVO02001293.1	20299	+	
QNVO02001293.1	20461	+	
X	22178857	-	
X	22297667	-	
X	22238173	-	
Y	7381288	-	
Y	7382928	-	
9	54461151	-	
13	13882180	-	
QNVO02001697.1	21276	-	
17	22846040	+	
Y	7382765	+	
Y	7389036	+	
5	113095790	-	
QNVO02001305.1	24083	-	
20	24803743	-	
5	113152601	+	
6	2881893	+	
20	24827911	+	
6	2895293	+	
20	22898596	-	
12	111688316	+	
6	2954507	+	
12	111707408	+	
13	79863768	-	
12	111817751	-	
7	135180774	+	
X	22911475	-	
16	32264973	-	
18	23953904	+	
18	24070856	+	
11	62912721	+	
18	14063671	+	
18	14135600	-	
11	63090554	+	
8	101069585	-	
5	113653248	-	
6	52100020	-	
18	20082072	-	
10	69057377	+	
5	113891884	+	
5	113956562	+	
9	56234384	-	
10	81940052	-	
13	69447968	-	
13	38681449	+	
13	38682599	+	
13	38682877	+	
9	56276679	-	
16	50264663	-	
16	50273808	-	
13	29317836	-	
13	29411647	-	
6	3488738	+	
6	52133741	+	
6	52136973	+	
15	98114153	+	
15	98190366	-	
9	56801305	+	
16	78621830	+	
13	2221681	+	
9	57414285	-	
16	18870226	-	
10	64602487	+	
12	429207	+	
15	62560446	+	
6	3667365	-	
6	3665652	-	
11	25884882	-	
10	67579021	-	
13	62508141	+	
13	62508210	+	
12	454467	-	
11	25899427	+	
16	78640930	+	
10	36210117	-	
19	53198700	+	
11	26013866	+	
19	53207466	-	
11	26057937	-	
19	53447971	+	
5	115726749	+	
17	69465857	+	
17	69750171	-	
14	40248995	-	
5	115923866	+	
7	127362924	+	
8	5797008	-	
5	116154396	-	
8	5838437	-	
16	45403599	-	
8	5848303	-	
18	68234871	+	
6	143779621	+	
14	72848	+	
8	5869498	+	
5	116359714	-	
5	116357301	-	
6	85782373	+	
17	23183762	+	
17	23212436	+	
15	98531025	-	
11	39515148	+	
12	121346453	+	
3	176365185	+	
12	510537	-	
X	36753460	-	
X	36727079	-	
8	101273792	+	
3	176377102	+	
3	176396880	-	
8	101332487	+	
12	534953	+	
12	535570	+	
X	68928638	-	
6	85956854	+	
8	6790019	-	
8	6789930	-	
8	6790506	-	
8	101358360	-	
17	23295472	-	
6	86169357	+	
19	40372391	+	
6	86338306	-	
10	47366332	-	
8	6825574	-	
13	14746297	-	
8	6842488	-	
8	6892714	-	
8	6893569	-	
12	582343	-	
12	582409	-	
13	14811191	-	
6	87023096	-	
6	87019226	-	
12	563074	+	
QNVO02001758.1	36728	-	
12	568848	-	
QNVO02001760.1	18901	+	
8	7056377	-	
20	63775959	+	
15	77083995	-	
15	77063935	-	
15	77083997	-	
18	60780533	+	
3	59330226	-	
3	59327788	-	
3	59333268	-	
3	59343406	-	
12	125911217	+	
3	59345932	+	
19	53491122	+	
13	30109330	+	
11	82746689	+	
12	126036600	-	
3	59468530	+	
18	12444285	+	
3	59499051	-	
16	18909996	+	
13	31042217	+	
QNVO02000944.1	16705	-	
X	99971719	+	
X	99974962	+	
16	19025080	-	
20	13205815	+	
9	121771924	+	
X	100025223	+	
19	53518006	+	
19	30991398	+	
17	13383771	+	
5	180655150	+	
18	13348071	-	
9	121880088	+	
16	7808931	+	
16	78724379	+	
19	53519409	+	
9	68732536	-	
20	28157173	-	
17	23626521	+	
6	152092313	-	
5	116735360	-	
20	13771472	+	
X	40714525	+	
X	40732298	+	
16	76870309	-	
16	76865931	-	
QNVO02002024.1	28995	-	
18	40899939	+	
20	67152041	-	
20	67190732	-	
19	27443124	+	
17	1955620	+	
19	34910122	+	
19	27871170	-	
QNVO02002048.1	15968	+	
16	56632299	-	
10	16550447	+	
19	27928973	-	
17	1973000	+	
16	1570309	-	
16	1570269	-	
18	42130890	+	
10	16664656	+	
19	28184707	-	
19	28182298	-	
8	103168049	+	
19	28306723	+	
10	17348165	-	
10	17345786	-	
3	138895910	+	
10	17398500	-	
7	128089342	+	
10	17516879	-	
18	42537922	-	
18	42480811	-	
4	155466563	-	
20	13932008	+	
4	155475796	-	
17	79190265	-	
18	42636608	-	
18	42631145	-	
18	42657826	-	
18	42689459	-	
20	59909746	-	
17	2835185	+	
17	2836294	+	
5	72247780	-	
5	72418314	+	
4	155693835	-	
6	177078553	-	
5	72496307	+	
11	116073863	-	
6	177068218	+	
5	73442194	+	
17	9031080	-	
12	37779024	+	
20	72196333	-	
20	72196347	-	
20	72196323	-	
19	31125878	+	
17	9031332	+	
17	13856974	-	
19	31157241	+	
19	31159741	+	
17	9036953	+	
10	87836672	+	
19	31368949	-	
19	31291626	+	
17	9080193	-	
19	31441894	-	
10	87950797	-	
18	44061393	-	
17	3096740	-	
20	72529769	-	
11	116264995	+	
18	44070492	-	
12	37811151	+	
11	116279636	+	
14	7530069	+	
18	44119735	+	
3	139232589	+	
18	44324860	-	
20	64525690	+	
ML143118.1	547334	-	
5	75159028	-	
ML143118.1	584290	-	
Y	7772640	-	
11	116329501	+	
13	63466358	-	
5	75167601	+	
10	8091632	+	
5	75553003	+	
13	63504657	+	
13	97389924	-	
13	63542770	+	
13	97433592	-	
13	63612160	-	
12	38110822	-	
13	63628198	-	
18	44923110	-	
18	44983169	-	
18	44893038	-	
18	44850744	-	
18	44849682	-	
10	38901315	+	
10	38902591	+	
13	63628679	+	
17	79797854	+	
11	104154300	-	
20	67565350	-	
16	32657964	-	
10	38955834	+	
18	44909351	+	
16	32676488	+	
16	32681203	+	
QNVO02001781.1	28536	+	
QNVO02002073.1	57003	-	
QNVO02001783.1	9005	-	
3	139612751	-	
ML143118.1	634020	+	
QNVO02001792.1	36080	-	
20	64811843	-	
13	80563367	+	
3	140063654	-	
6	77360431	+	
6	77381131	+	
19	9224668	+	
20	64802991	+	
4	156114679	+	
6	159193620	-	
6	159186197	-	
QNVO02000459.1	9471	-	
QNVO02000459.1	5488	-	
6	77409100	+	
12	126862236	+	
19	29058205	-	
QNVO02001813.1	25685	-	
QNVO02001813.1	20204	-	
13	80604316	+	
8	34072166	+	
9	113703106	+	
9	113787997	+	
9	113808917	+	
QNVO02001823.1	49730	-	
10	39543524	-	
12	127030813	+	
8	34415661	+	
9	113908486	+	
15	90636285	+	
QNVO02000460.1	4467	+	
12	29969449	-	
12	29966668	-	
12	29890366	-	
15	77356348	+	
8	34471581	-	
10	39630960	-	
Y	170098	-	
Y	239694	-	
12	127177854	+	
9	113985701	+	
9	68928787	-	
9	68924972	-	
8	34788295	+	
12	127181686	-	
11	14512413	+	
16	47111127	-	
12	44770498	-	
7	25390347	-	
9	68936894	-	
8	35602297	+	
7	162396991	-	
10	88844200	-	
19	29165332	+	
X	95250554	-	
9	68993869	-	
12	1055191	+	
6	122292292	-	
10	88989609	+	
QNVO02000471.1	26098	+	
QNVO02000471.1	27330	+	
X	96393252	-	
16	32727680	+	
10	82619573	-	
13	39160009	-	
16	32808693	-	
19	29251990	-	
8	55699399	-	
8	55692229	-	
6	122467161	+	
QNVO02000471.1	34606	-	
X	96694129	-	
12	1358208	+	
10	89057547	+	
QNVO02000471.1	69510	+	
6	122719831	-	
17	9478082	+	
17	9479115	+	
17	9481221	+	
16	77345187	-	
10	89131113	-	
X	7982361	+	
12	1692560	-	
QNVO02000504.1	3079	+	
16	27804437	-	
16	77372933	-	
11	95174258	-	
8	56299319	-	
12	1974473	-	
9	122118854	-	
12	2035830	-	
9	88282027	+	
1	159990074	+	
1	160108884	-	
16	27968144	-	
5	181044880	-	
9	122148980	+	
1	160106140	-	
5	181036983	+	
9	122203514	-	
20	3191689	-	
5	181037196	+	
16	27985468	+	
17	3406597	+	
11	75513704	-	
20	14270846	+	
20	14272645	+	
17	71640551	+	
7	107949993	+	
8	36504291	-	
14	9215382	-	CDC42EP2
17	71748514	+	
17	71758422	+	
17	85617240	+	
19	35014052	+	
18	25235262	-	
8	36524658	+	
16	47238984	+	
7	108784227	-	
QNVO02001724.1	31601	-	
17	72053813	+	
17	85642085	+	
18	25233694	+	
QNVO02000150.1	4571	-	
17	72400323	-	
17	85992457	+	
16	47348006	-	
16	47355475	-	
20	3234256	-	
20	3233344	-	
20	3231291	-	
17	86175881	+	
ML143123.1	228744	-	
17	86239297	+	
20	3238231	+	
16	22956970	+	
16	37242071	+	
14	387449	-	
16	22968758	-	
16	22978449	-	
16	2273839	-	
14	408895	-	
17	86985111	-	
12	12279260	+	
12	12280773	+	
QNVO02000249.1	76928	-	
16	37308413	-	
16	22976522	+	
20	43391512	-	
12	31061839	-	
17	87163915	-	
15	30859814	+	
13	720750	+	
19	40772746	-	
17	87269334	-	
QNVO02002080.1	69435	-	
QNVO02002085.1	6356	-	
13	55245173	+	
12	12506492	+	
18	62317534	+	
18	62325819	+	
13	55431443	-	
12	12545175	+	
17	87588491	-	
18	62731447	+	
13	56034547	+	
13	56079735	+	
18	62800917	-	
11	75863378	-	
6	100899131	-	
12	12906196	-	
9	102941407	-	
11	51454579	+	
12	12936239	+	
13	56122455	+	
13	56144375	+	
16	32879752	+	
X	133038464	+	
17	87777136	-	
17	87683695	-	
17	87662301	-	
17	87739943	-	
12	13005251	-	
18	63423661	-	
16	32920784	+	
16	32927911	+	
18	63452836	+	
X	133161376	-	
X	47632829	+	
17	87928723	-	
8	56497107	-	
13	56662465	-	
14	116178545	-	
QNVO02000250.1	59447	+	
14	116202700	+	
Y	341786	+	
14	116239131	+	
15	12566011	+	
X	133632999	-	
X	133733275	-	
7	109874256	+	
7	109875827	+	
13	57244026	-	
Y	598157	-	
14	3257082	+	
Y	595786	+	
13	57396371	+	
13	57398191	+	
12	127515912	-	
6	101259411	+	
7	162917254	-	
X	133741422	+	
17	6104070	+	
11	51554652	-	
20	72881000	+	
17	6230448	+	
14	8792556	-	
X	133941886	+	
18	21452945	-	
14	8791134	+	
8	29980292	-	
17	88120711	+	
17	88120970	+	
8	30051552	-	
8	30047122	-	
8	37447633	+	
11	113187484	+	
19	19828508	+	
12	13043479	+	
12	13043523	+	
14	102869824	-	
18	52342353	-	
12	127602543	+	
16	5028380	+	
X	117273736	+	
11	85840238	-	
16	47585174	+	
17	88531515	+	
6	159621081	-	
8	37646890	-	
9	78989871	-	
12	127687391	+	
11	113355852	-	
11	113352276	-	
6	159671181	+	
6	159671479	+	
6	159683245	+	
8	37709686	-	
9	79021627	-	
11	86092118	-	
18	52639004	+	
17	88668787	+	
12	127728899	+	
20	4868559	+	
13	34675443	+	
X	117889259	+	
20	72959480	+	
8	37972204	-	
8	37924437	-	
8	38002451	-	
11	86551260	+	
19	20110886	+	
20	46894015	-	
18	53617424	+	
18	53625192	+	
17	72718184	+	
15	35050605	-	
18	53875300	-	
17	73013525	+	
18	14408917	+	
18	53933643	-	
18	53903240	-	
19	20318219	+	
17	6560397	-	
8	40705036	-	
19	53624323	+	
19	53626170	+	
19	53626718	+	
5	35379136	+	
18	14692033	+	
11	87051444	-	
15	48296674	+	
11	87088726	-	
12	89259303	+	
20	47875146	+	
18	15326057	-	
8	133440969	+	
11	51629020	-	
QNVO02002085.1	20900	+	
QNVO02002085.1	23798	+	
8	133458522	-	
13	34698017	+	
QNVO02002085.1	67655	-	
13	34703936	-	
QNVO02002100.1	11547	-	
QNVO02002100.1	41573	-	
10	48153400	+	
10	48166170	+	
15	35243586	-	
QNVO02001859.1	21005	-	
8	133464225	+	
11	87475745	+	
QNVO02001859.1	34235	+	
18	15938864	-	
QNVO02001860.1	20257	+	
QNVO02001860.1	28607	+	
18	15975941	+	
18	16016694	-	
5	35898217	+	
16	39552815	+	
8	56901107	+	
19	30429308	+	
19	30504735	-	
19	30506435	-	
X	100640383	+	
X	100640824	+	
17	18968788	-	
QNVO02001867.1	49643	-	
10	40128333	-	
19	30608392	+	
6	152738127	+	
19	165638	+	
19	170978	+	
X	97534522	-	
16	50726257	+	
QNVO02000166.1	21	+	
QNVO02000166.1	10926	+	
QNVO02000166.1	20216	+	
14	86303011	+	
11	116949720	-	
11	48976021	+	
17	89964839	+	
8	133657896	-	
8	133682939	-	
17	90115802	-	
3	151415389	+	
3	151431920	+	
14	103658161	+	
11	1725799	-	
17	6755015	-	
17	27706738	-	
10	89677519	-	
17	6799260	-	
6	154249098	-	
7	163115333	+	
8	57314330	+	
5	117562265	+	
12	87840384	+	
5	117675603	+	
5	117744349	+	
3	152129110	+	
12	87872000	+	
15	91872259	+	
3	152591339	-	
10	40302030	+	
5	117885453	-	
ML143123.1	411700	+	
ML143123.1	411809	+	
ML143123.1	424799	+	
7	163163131	+	
12	78909862	-	
12	78895662	-	
12	78909146	-	
12	78909927	-	
12	78890894	+	
20	23387745	+	
20	23403848	+	
18	28609089	+	
11	105171364	+	
20	68227813	-	
11	105524129	-	
3	67663834	-	
QNVO02000175.1	6366	+	
QNVO02000175.1	7669	+	
16	23552859	+	
10	90216736	+	
16	23651861	-	
12	18873887	-	
20	49244430	+	
8	57800839	-	
11	113694642	-	
14	104348256	-	
10	90499388	+	
11	113692936	+	
9	79985446	-	
16	23657988	-	
20	49518740	-	
9	80060232	+	
19	240593	+	
19	243621	-	
11	114056313	+	
14	20193461	-	
19	247412	-	
20	49621744	-	
14	20246276	+	
11	105890186	-	
6	136014551	+	
6	136020409	+	
14	20405571	-	
18	69992612	+	
20	50833037	-	
7	129552596	-	
18	70067316	-	
7	129566508	+	
7	129570860	+	
17	7153219	+	
7	129601456	+	
11	114131770	+	
13	70013769	-	
13	70014758	-	
20	51489655	+	
20	51514046	+	
6	37967352	+	
20	57315016	+	
20	57321050	+	
20	51696222	+	
16	5235215	+	
20	68402020	+	
20	51919942	-	
14	66287728	+	
18	55693622	-	
QNVO02000201.1	34289	-	
9	82410999	+	
9	82413665	+	
9	82414104	+	
15	2121575	+	
13	72259586	+	
13	72259755	+	
15	2135864	-	
4	157287107	-	
20	58060860	-	
13	5781834	+	
QNVO02000205.1	36785	-	
QNVO02000205.1	35393	-	
QNVO02000205.1	31311	-	
QNVO02000205.1	21892	-	
9	82438833	+	
QNVO02003175.1	24060	-	
9	82721103	+	
9	82871535	+	
16	71363946	+	
6	64926652	+	
6	64926924	+	
Y	1408318	+	
18	56028104	-	
16	23870691	-	
6	65181030	-	
6	65176584	-	
6	65181100	-	
14	104577462	-	
11	95895084	+	
18	61875889	-	
10	83114188	-	
14	104560760	-	
15	2283238	-	
11	95961371	-	
15	8845062	-	
14	20655859	+	
11	95973052	-	
14	20666823	+	
9	89438202	-	
10	83165525	+	
20	23611471	+	
20	23611481	+	
20	23668145	+	
20	52654741	-	
9	89473134	-	
10	83171380	+	
20	44545829	+	
17	19770251	-	
6	177514951	-	
6	177515046	-	
12	79503942	-	
15	99421285	+	
10	83329930	+	
12	79637074	-	
16	72517729	-	
12	79685295	+	
10	83363326	-	
12	31778879	+	
16	39724486	+	
19	13817539	+	
11	57479205	+	
11	114588848	+	
12	80487684	+	
10	83408445	-	
11	114741042	+	
12	80513189	+	
10	83426437	-	
11	114759802	+	
11	57525057	-	
6	144817008	-	
12	32911965	+	
12	81516578	+	
11	115055584	-	
11	115077855	-	
11	115128241	-	
11	115409916	-	
11	115320683	-	
12	33074678	+	
11	124471620	-	
19	13941950	+	
QNVO02001308.1	19489	-	
10	83686642	-	
16	46022001	-	
QNVO02001325.1	23606	+	
QNVO02001325.1	24080	+	
16	71397694	+	
12	81931428	-	
6	32611786	+	
12	75312103	-	
12	75296875	-	
12	75304639	-	
12	75325887	-	
11	57692870	+	
11	57693197	+	
11	57702597	+	
19	5490580	-	
6	78560517	-	
X	48493303	+	
12	82191435	-	
19	5484187	+	
15	99738958	+	
12	112762880	+	
12	112814648	+	
12	82343891	+	
11	58054250	+	
11	70569628	-	
11	58201559	-	
16	61888952	+	
12	128093517	+	
11	58451517	+	
10	4923144	+	
10	4933066	+	
10	4976949	+	
15	50794056	+	
12	34641234	-	
15	63523342	+	
15	63596124	+	
12	34708670	-	
X	103249696	-	
10	4987342	-	
12	34987152	-	
11	111805080	+	
QNVO02001372.1	6477	+	
10	66249429	+	
17	94917968	+	
16	65882851	+	
16	65883821	+	
16	65889896	+	
11	76882165	-	
17	94921882	+	
19	22233056	-	
12	113584804	+	
17	15064049	+	
16	74648998	+	
16	74664944	+	
16	66009547	+	
16	66129741	+	
18	30387678	+	
12	66983890	+	
17	4260212	+	
17	4260719	+	
16	74695641	+	
14	105462453	+	
14	105463689	+	
14	105463889	+	
14	105492345	+	
14	66667603	-	
16	74704047	+	
6	33428068	-	
7	112206290	-	
20	5103705	-	
6	33399414	-	
16	74719744	+	
7	112216856	+	
7	112221033	+	
7	112253915	-	
5	56230363	-	
16	5385055	+	
7	112299584	-	
11	39787617	+	
6	38634560	-	
11	39829907	+	
6	38647413	+	
6	38647625	+	
6	38656783	+	
14	105802909	+	
11	39841263	+	
19	56898061	-	
15	87067556	-	
16	5721758	+	
18	56504913	+	
18	56632550	+	
20	34777408	-	
11	2835684	-	
14	105980037	-	
14	106114403	-	
14	105977209	-	
14	41205711	+	
19	17735316	+	
X	66102188	+	
20	34865537	+	
20	35028927	+	
18	31274980	-	
18	57058139	-	
20	35074276	+	
3	154704709	+	
10	19354481	+	
16	66925073	-	
16	66974430	-	
13	72956316	+	
16	54785597	+	
16	54786124	+	
10	19365386	+	
14	41556393	+	
16	58736907	+	
13	73230307	+	
14	41588767	+	
13	74034908	-	
18	17010462	-	
12	117147111	+	
9	122907362	-	
19	50710557	+	
12	117148847	-	
9	122914037	+	
QNVO02002104.1	73516	+	
QNVO02002237.1	67154	-	
QNVO02002237.1	67008	-	
QNVO02002107.1	16731	-	
1	161464909	+	
14	42360512	+	
14	42537220	-	
16	67962656	+	
13	38083473	+	
18	57719148	-	
11	17243597	-	
11	17304089	-	
18	57759267	-	
18	57733778	-	
QNVO02002303.1	7512	-	
17	95044591	-	
QNVO02002331.1	5538	+	
QNVO02002331.1	5942	+	
16	68284671	+	
14	96774970	-	
19	23025336	+	
13	75304426	+	
16	68328789	-	
16	68327267	-	
17	74998056	+	
8	31745972	+	
14	21292976	+	
Y	10011399	+	
Y	10020387	+	
11	59194744	-	
20	69192493	+	
20	69209816	+	
20	69210054	+	
20	69399870	+	
9	89951375	-	
9	89951352	-	
9	89951339	-	
9	89949562	-	
9	89951371	-	
11	59179975	-	
19	50741588	+	
8	104610792	+	
11	65113632	+	
Y	10054171	+	
Y	10054485	+	
14	21388843	-	
13	38375346	-	
20	69603310	+	
9	89934802	+	
20	18955168	+	
9	85197211	+	
16	48154293	-	
Y	10099690	-	
9	85508390	-	
16	68497608	+	
16	68498471	+	
QNVO02000220.1	15824	-	
QNVO02000220.1	15007	-	
QNVO02002142.1	5719	+	
11	59569286	+	
11	59603858	+	
QNVO02002153.1	15658	+	
QNVO02002153.1	57623	-	
14	97865965	-	
14	97858616	-	
14	97866008	-	
14	97866154	-	
11	59630478	+	
16	8531913	+	
20	76074696	-	
17	92191637	+	
20	76073257	+	
20	76082315	+	
20	76083607	+	
20	76084594	+	
11	11081766	-	
16	68892695	-	
16	68819849	-	
16	68710385	-	
16	68892680	-	
9	96320761	-	
9	96320784	-	
11	60762867	-	
16	2983460	+	
17	15478058	-	
15	64160947	-	
16	2986715	+	
16	2988687	+	
16	3009255	+	
11	61006423	+	
19	50794838	-	
14	87221617	-	
11	65611976	-	
15	64176119	+	
3	68214937	+	
3	68215886	+	
11	61291678	+	
11	61378898	-	
11	61371782	-	
17	15649751	-	
11	29361681	-	
13	59536529	-	
3	68471529	+	
3	68478218	+	
11	29414154	+	
11	29445774	+	
11	29461435	+	
11	29463543	+	
18	70650447	-	
6	177912137	-	
6	177911196	-	
16	24137600	+	
3	69158614	+	
3	69194201	-	
17	15683739	-	
10	78436181	+	
17	76333085	-	
3	69341261	-	
17	15689266	-	
3	69399591	-	
3	69401256	-	
9	123266992	+	
16	48269354	-	
7	54747143	+	
7	48827661	-	
7	54800654	+	
12	96657313	-	
9	16531517	+	
9	16534689	+	
X	141108329	-	
8	104949548	-	
8	104971353	+	
18	46572853	+	
8	105214823	-	
12	68203930	+	
12	68210500	+	
8	105223433	+	
13	15602614	-	
X	150265526	+	
17	4603288	+	
QNVO02002155.1	64055	-	
17	39734134	+	
17	39765309	+	
17	39766016	+	
10	49456697	-	
17	4668792	-	
10	41543236	+	
10	41545697	+	
13	6762696	-	
17	39842482	-	
17	4664654	+	
Y	10327103	+	
10	5364622	+	
Y	10401313	+	
10	49670903	-	
12	8619976	-	
13	6998791	+	
18	70958465	+	
18	70968525	+	
12	8740280	+	
10	5462365	-	
13	7636910	+	
13	7754589	+	
13	7820463	+	
20	5284160	+	
12	8839281	-	
16	74856786	+	
17	28309944	-	
6	145204156	+	
12	8839312	+	
10	5434916	+	
13	7759835	-	
12	8860471	-	
13	8051367	+	
18	71159076	+	
18	71176940	+	
10	5468298	-	
13	8197684	+	
16	69496433	+	
11	41022137	+	
16	55086728	-	
10	5492596	-	
10	5492394	-	
16	39978899	+	
11	41182094	+	
15	100464055	+	
20	5563726	+	
17	45454086	-	
9	123398497	+	
9	123398533	+	
9	123398608	+	
QNVO02002181.1	26537	-	
13	8280676	+	
7	55186754	-	
17	45870598	-	
15	100720497	-	
15	100721251	-	
15	100760777	-	
13	8444882	-	
13	8608693	-	
13	8622264	-	
11	18038818	-	
15	100795227	-	
20	5932401	+	
14	69652918	-	
17	47093652	+	
13	8511400	-	
19	57250269	+	
17	47539105	-	
15	22560663	+	
15	22825897	-	
15	22726774	+	
13	8618481	+	
11	18392979	+	
16	40247579	+	
13	8632879	-	
13	8631746	-	
11	18510806	+	
13	8716377	+	
11	77919575	+	
8	106325458	+	
11	78137915	+	
X	11386672	-	
12	9264016	-	
QNVO02002372.1	2004	+	
12	53296210	+	
16	20630045	+	
X	70014494	-	
11	32930442	-	
5	37417196	+	
5	37418161	+	
17	49511515	-	
17	28535343	-	
7	55366437	+	
17	49816208	+	
3	69956309	-	
17	28783468	+	
14	87768844	-	
3	69955698	+	
15	25039849	-	
15	25000608	-	
15	25000939	-	
15	25039878	-	
17	49935626	+	
9	70077931	-	
X	70613932	+	
17	29136427	+	
11	71353710	-	
16	55166994	-	
11	33202500	+	
11	33209455	+	
16	55186937	+	
17	55196247	+	
6	145724011	-	
10	5888114	-	
9	70164657	+	
9	70170544	+	
9	70172167	+	
9	70175069	+	
X	98458244	+	
19	7672647	-	
9	114641219	-	
9	70273886	+	
X	70968017	-	
16	40837909	-	
X	71060244	+	
11	11761140	-	
11	11729292	-	
11	11719748	-	
11	11719140	-	
11	11717886	-	
17	55926759	+	
17	56754213	-	
17	56871230	-	
7	12892612	+	
20	76541624	-	
13	41072775	+	
13	41159858	+	
7	12927208	+	
13	71117089	+	
13	71120095	+	
11	118264029	+	
12	56580684	-	
15	87518050	+	
17	51791000	+	
17	29451725	-	
11	118521026	-	
X	71382648	-	
X	75178451	+	
17	92776602	+	
10	6054338	-	
10	6053594	+	
17	53008934	-	
17	92849992	+	
9	17391599	+	
X	71410795	+	
17	15895917	+	
X	75521207	+	
13	4039399	-	
13	4039411	-	
9	90082265	-	
18	216870	-	
17	93085266	+	
17	16192809	+	
10	41790926	+	
9	90291830	+	
10	41817786	+	
10	41822709	+	
10	41859231	-	
10	41864407	+	
X	136221335	+	
13	41517074	+	
13	41540055	+	
13	9086650	-	
18	255004	+	
18	255060	+	
18	255209	+	
X	136420565	-	
13	42063135	-	
13	41978174	-	
13	42065008	-	
13	42065333	-	
12	17082241	+	
15	2664669	-	
15	2659391	-	
X	76011149	-	
16	3460082	-	
12	17168948	-	
14	106821706	-	
14	106809786	-	
17	93425311	-	
X	136895726	-	
11	119057380	-	
9	74058223	-	
17	93484702	-	
17	93484024	-	
11	66627142	-	
16	79487201	+	
17	93536196	-	
17	93538818	-	
17	93589699	-	
7	16732701	-	
7	16732842	-	
16	41439476	+	
7	16736103	-	
8	107901281	-	
11	31412917	+	
QNVO02002385.1	6582	-	
15	87921552	-	
3	74077096	+	
16	79526079	+	
17	93759216	-	
3	74231329	+	
X	72017144	+	
6	66885476	-	
6	66970051	+	
6	66985232	+	
X	12549788	-	
5	101823231	+	
10	9712303	+	
6	67363466	-	
6	67215738	-	
6	67176447	-	
6	67268300	-	
6	67260966	-	
X	137781664	+	
16	77710188	-	
18	22295366	-	
16	75293458	-	
11	79541054	+	
11	79571083	-	
11	41986437	+	
X	142978335	+	
X	142982025	+	
X	76788485	-	
11	42150586	+	
17	25399	-	
11	42285527	+	
11	66857625	+	
15	93489476	-	
11	42522631	-	
QNVO02000276.1	98740	+	
15	93577135	-	
6	39585073	+	
6	39924907	-	
X	12899731	+	
X	12928280	+	
X	12932705	+	
X	12952302	+	
5	102193613	+	
5	102225226	+	
X	12957227	+	
6	40256591	-	
6	40267000	-	
12	53804114	+	
X	12974021	+	
X	77069828	-	
X	77069111	-	
X	72290632	-	
6	40380853	-	
19	57713228	+	
5	102574342	+	
5	102751637	+	
7	16784486	-	
X	143355064	-	
6	146255532	-	
6	146267065	-	
19	45733818	+	
11	71713856	+	
17	11543506	+	
11	71849665	-	
11	71849358	-	
11	71849531	-	
15	2860994	-	
7	130856309	+	
7	130858681	+	
10	78972327	-	
13	42572754	-	
13	42612188	-	
13	75985111	+	
13	75990281	+	
10	79053555	+	
15	3102738	-	
QNVO02000278.1	76521	-	
QNVO02000278.1	76546	-	
11	20162084	+	
8	108826596	+	
15	3104544	-	
13	76077316	+	
13	76079993	+	
11	20280223	+	
19	32745393	-	
8	109065318	+	
13	43156164	+	
19	32770901	+	CEBPA
13	43302771	-	
12	117513930	+	
12	117561708	+	
15	88522721	-	
15	88521426	-	
13	4495677	-	
ML143117.1	700972	+	
ML143117.1	701556	+	
13	4561394	+	
13	4627482	-	
ML143117.1	709154	+	
13	4628770	-	
QNVO02000347.1	18443	-	
QNVO02000350.1	30415	+	
QNVO02000354.1	25423	-	
QNVO02000355.1	27135	+	
19	51321881	-	
19	51326484	+	
15	89401850	-	
18	22576070	-	
20	20025085	+	
9	75015102	+	
16	59921753	-	
16	59921459	-	
9	75049084	+	
2	154010456	+	
14	88567997	-	
14	43586834	-	
14	88597144	+	
X	67933113	+	
7	49195184	-	
7	49193121	-	
14	43672201	+	
14	43804824	+	
15	94561949	+	
2	142376004	-	
15	94835164	+	
15	94869121	+	
15	94869153	+	
15	94896457	-	
3	70271832	-	
Y	2639356	-	
18	22677910	+	
Y	2722484	+	
Y	3578855	+	
16	73495232	+	
17	17459222	+	
3	76473936	+	
10	6378412	+	
14	4839160	+	
10	6401478	+	
14	4919308	+	
12	90935522	+	
15	95344220	+	
15	95388576	+	
15	95388662	+	
15	95392385	+	
16	3775155	+	
15	95721337	-	
12	69676986	-	
12	69674811	-	
15	96146424	-	
15	96375757	-	
19	54324156	-	
QNVO02002412.1	15720	+	
9	97628483	-	
9	76458915	+	
15	3607561	-	
9	76848311	-	
9	76699678	-	
QNVO02002420.1	96217	-	
QNVO02002478.1	21	+	
10	6749717	+	
QNVO02002590.1	2348	-	
QNVO02002800.1	5312	-	
20	29018131	-	
7	55896690	+	
12	128327555	-	
QNVO02002818.1	5222	+	
QNVO02002818.1	6003	+	
QNVO02002888.1	8152	-	
10	6912327	-	
11	107370274	-	
14	5312786	+	
14	5319391	+	
16	73965671	+	
20	16237572	+	
16	73973612	+	
11	44544141	+	
11	44555543	+	
20	16249918	+	
10	7020654	-	
11	44667214	+	
11	112290379	+	
11	112290929	+	
20	45628402	-	
7	136986368	+	
17	81693666	-	
18	18108915	+	
12	103133022	-	
14	5587326	-	
10	20073940	+	
14	5692855	-	
7	2536095	+	
6	146917975	+	
7	2557704	+	
6	146926993	-	
7	2659637	-	
18	49983506	-	
7	2755427	-	
7	2756198	-	
16	10089167	-	
19	55266854	-	
7	2825920	+	
17	58324940	-	
17	58258004	-	
17	58463615	+	
17	58592356	-	
18	66682664	+	
18	66842923	-	
18	66975375	-	
14	71498240	+	
12	21240169	+	
19	55314360	+	
14	107963595	-	
14	108244067	+	
6	35097399	-	
6	35157927	+	
6	35162505	+	
18	23820585	-	
17	58794017	-	
18	19014224	+	
18	19035578	+	
16	76165758	-	
16	76246133	+	
18	19079032	+	
18	19139193	+	
18	19147194	+	
10	20208981	+	
12	21537756	+	
12	21562545	+	
17	20579221	-	
17	20588691	-	
11	34155517	+	
14	108802702	-	
5	104865626	+	
5	104892998	+	
19	55382863	-	
18	32791584	-	
18	32791579	-	
18	67641681	+	
12	23183634	-	
18	32814929	-	
16	78125460	-	
16	78125483	-	
16	78125474	-	
16	78117230	-	
18	32824490	+	
18	32825276	+	
16	53893453	-	
17	82499009	+	
17	82529331	+	
17	82691499	+	
15	28284686	+	
12	103743252	+	
11	35841143	+	
11	35919020	-	
11	35950511	-	
5	58286698	+	
11	35963389	+	
16	78175030	-	
16	78175054	+	
18	50771426	-	
18	50770922	-	
5	58814134	+	
19	10257822	+	
12	25374370	-	
12	25378345	-	
9	115340581	-	
5	59124147	+	
12	25991743	+	
9	115528412	-	
9	115542368	+	
9	115543900	+	
16	24653357	-	
16	4052976	+	
7	40336266	+	
12	104206985	+	
X	41323271	-	
12	104607100	+	
12	104820899	-	
QNVO02003072.1	3588	+	
QNVO02003117.1	947	+	
QNVO02003141.1	10667	+	
19	18561601	+	
17	84234349	-	
17	84235418	-	
5	60082904	+	
5	60082928	+	
5	60105234	+	
17	11869059	+	
17	11885160	+	
17	20977630	+	
17	11976421	+	
X	144391799	+	
X	144405633	+	
X	144417396	+	
6	54685171	+	
17	21022344	+	
14	9992187	+	
14	10013016	+	
12	107146166	-	
14	10015829	-	
14	10047201	+	
12	107389272	+	
12	107441200	+	
12	107476444	+	
12	107508736	+	
12	108078111	+	
19	14891109	+	
12	45826843	-	
9	116918474	+	
X	151211000	+	
19	1886328	-	
19	55867910	-	
X	145567554	-	
QNVO02000376.1	15166	+	
X	49290433	+	
X	49290866	+	
X	18191107	+	
X	145610556	-	
17	21568020	-	
7	17764908	-	
X	145850800	+	
X	145852707	+	
19	55995499	-	
18	1225213	+	
18	1226725	+	
X	18437727	+	
X	49475048	-	
18	1344011	-	
18	1346924	-	
X	49672627	+	
16	10558121	-	
9	98810419	+	
16	10683279	+	
6	54912183	+	
16	10839880	+	
12	45904633	+	
12	45908030	+	
6	54987203	-	
20	27053994	-	
9	106038327	-	
19	5919094	+	
7	41258675	-	
19	2315011	+	
19	2337523	-	
12	9890303	+	
12	10002844	-	
19	4696619	+	
19	4704035	+	
19	4705010	+	
19	4727928	-	
19	4727289	-	
20	27312608	+	
12	10497799	-	
12	10570120	+	
15	10274156	-	
12	10760566	+	
12	10867965	-	
14	10365107	+	
20	719794	+	
15	10965893	-	
20	1028223	-	
15	11045180	-	
15	11056209	-	
12	39381330	+	
15	11080182	-	
12	39421082	+	
15	11097911	-	
15	11112883	-	
15	11132506	+	
12	40062021	+	
12	40077007	+	
12	40457614	+	
12	41553067	+	
12	42298575	+	
12	42303536	+	
12	42308098	+	
X	46510933	+	
12	43304852	-	
X	47088063	-	
14	45375361	-	
17	881827	+	
12	57260368	+	
14	46227903	-	
12	59287670	+	
12	59419541	-	
12	59405347	-	
12	59419581	-	
12	48063833	+	
12	49232221	+	
